customer_id,annual_income,credit_score,property_value
CUST00001,47688,653,323413
CUST00002,57678,748,478453
CUST00003,40506,732,461698
CUST00004,79749,661,497255
CUST00005,44205,663,330612
CUST00006,180334,840,823969
CUST00007,75346,739,461401
CUST00008,55293,734,294985
CUST00009,36766,499,211153
CUST00010,78725,664,294087
CUST00011,90328,654,313079
CUST00012,57200,712,261839
CUST00013,76358,703,401132
CUST00014,232277,845,918683
CUST00015,39887,595,141453
CUST00016,58300,727,386692
CUST00017,142037,821,1317676
CUST00018,230814,821,1005332
CUST00019,32670,622,145853
CUST00020,238767,767,927622
CUST00021,28562,534,153348
CUST00022,70029,732,344208
CUST00023,84761,674,486375
CUST00024,259807,840,810975
CUST00025,221088,823,533626
CUST00026,95696,688,286480
CUST00027,47008,716,478119
CUST00028,27338,493,135090
CUST00029,79441,714,435309
CUST00030,52310,718,211930
CUST00031,66808,683,458331
CUST00032,207473,807,727205
CUST00033,87851,652,486946
CUST00034,202461,787,678878
CUST00035,74850,666,424404
CUST00036,41156,709,285248
CUST00037,43952,548,224526
CUST00038,94201,727,482710
CUST00039,76246,661,304055
CUST00040,41549,711,250822
CUST00041,75155,734,307603
CUST00042,67983,708,415094
CUST00043,55296,698,274974
CUST00044,172845,771,754011
CUST00045,209880,755,1218136
CUST00046,25887,598,150864
CUST00047,63754,692,200492
CUST00048,82799,656,465725
CUST00049,55179,681,456033
CUST00050,78183,675,229053
CUST00051,87109,735,415881
CUST00052,194656,838,1325081
CUST00053,44883,501,233494
CUST00054,49046,660,375029
CUST00055,290863,762,613402
CUST00056,165290,788,643792
CUST00057,87019,652,389117
CUST00058,117871,791,1119659
CUST00059,214360,810,621227
CUST00060,45743,678,427600
CUST00061,60785,735,366275
CUST00062,82401,733,337756
CUST00063,60829,698,400396
CUST00064,66594,680,389760
CUST00065,61368,735,320079
CUST00066,73632,675,377022
CUST00067,44055,577,157706
CUST00068,78149,713,273769
CUST00069,46064,745,328526
CUST00070,72979,717,427821
CUST00071,91172,729,414948
CUST00072,133694,794,617546
CUST00073,158284,761,1112154
CUST00074,50627,699,306000
CUST00075,140694,776,1365546
CUST00076,83543,687,289802
CUST00077,32655,644,121241
CUST00078,177355,757,1454925
CUST00079,43739,656,235990
CUST00080,28608,610,156417
CUST00081,47366,745,468511
CUST00082,172537,778,1474558
CUST00083,60194,749,272666
CUST00084,77583,740,344698
CUST00085,67516,693,428496
CUST00086,83694,708,307744
CUST00087,109529,785,747504
CUST00088,65628,652,409067
CUST00089,122749,843,1124333
CUST00090,88604,717,297195
CUST00091,88603,699,445985
CUST00092,37202,617,230806
CUST00093,27318,586,181997
CUST00094,32943,515,132093
CUST00095,37115,472,182238
CUST00096,60355,748,452045
CUST00097,83017,697,268021
CUST00098,83614,715,486045
CUST00099,80037,705,312614
CUST00100,38597,564,222482
CUST00101,75321,749,483749
CUST00102,31692,528,155464
CUST00103,55002,710,466898
CUST00104,59791,679,450870
CUST00105,70604,713,233031
CUST00106,92911,702,234973
CUST00107,98789,724,354240
CUST00108,40942,689,312179
CUST00109,89942,686,376832
CUST00110,70077,745,463854
CUST00111,292463,821,1232918
CUST00112,35646,494,107423
CUST00113,93321,701,390362
CUST00114,57068,664,208813
CUST00115,65178,657,270335
CUST00116,286740,835,1108824
CUST00117,82079,735,307797
CUST00118,116195,800,888957
CUST00119,111679,808,899315
CUST00120,69880,709,289552
CUST00121,93058,705,473268
CUST00122,28944,579,200849
CUST00123,59063,703,294097
CUST00124,182030,837,771532
CUST00125,78216,717,333561
CUST00126,59622,739,314473
CUST00127,48432,739,435106
CUST00128,43369,584,179324
CUST00129,231138,773,750466
CUST00130,215377,750,1498400
CUST00131,43786,638,100118
CUST00132,74721,687,246103
CUST00133,90981,749,316297
CUST00134,33470,497,193152
CUST00135,40214,692,481945
CUST00136,78291,721,222878
CUST00137,107601,806,577536
CUST00138,130319,819,821231
CUST00139,39234,500,102246
CUST00140,74413,652,418110
CUST00141,30608,579,173001
CUST00142,78037,693,385339
CUST00143,44101,516,244801
CUST00144,26117,576,101945
CUST00145,48951,721,289618
CUST00146,134980,795,1194337
CUST00147,91078,718,478366
CUST00148,194119,790,1292686
CUST00149,33453,476,127436
CUST00150,49425,663,326148
CUST00151,38101,552,209563
CUST00152,273651,773,1115772
CUST00153,188388,778,880474
CUST00154,50633,666,401812
CUST00155,85599,730,234704
CUST00156,207543,803,561836
CUST00157,287359,788,724944
CUST00158,31735,551,100354
CUST00159,193566,809,1078250
CUST00160,92528,651,256886
CUST00161,60935,726,318419
CUST00162,44975,493,150594
CUST00163,297412,757,941624
CUST00164,53812,747,275304
CUST00165,43559,471,216330
CUST00166,41738,667,352369
CUST00167,44596,466,234298
CUST00168,81693,722,384317
CUST00169,54170,737,381624
CUST00170,80984,660,404115
CUST00171,41190,620,187250
CUST00172,79096,724,380618
CUST00173,96374,697,228940
CUST00174,102765,770,1469980
CUST00175,85852,675,283978
CUST00176,71887,653,457328
CUST00177,27797,552,143903
CUST00178,258085,807,1333128
CUST00179,188217,783,1385672
CUST00180,72410,677,264402
CUST00181,44489,724,334054
CUST00182,78748,653,318416
CUST00183,71666,716,335197
CUST00184,95677,693,332614
CUST00185,238999,825,869379
CUST00186,38131,621,185595
CUST00187,65691,749,382155
CUST00188,87411,671,311194
CUST00189,42360,704,454439
CUST00190,27461,474,138741
CUST00191,57702,665,285339
CUST00192,142222,786,611646
CUST00193,30276,570,217128
CUST00194,62529,673,262073
CUST00195,73730,683,367075
CUST00196,105886,824,825151
CUST00197,74648,656,259450
CUST00198,75215,650,457161
CUST00199,262678,838,1226599
CUST00200,59525,749,323848
CUST00201,78680,710,462847
CUST00202,118185,834,927000
CUST00203,28339,458,100411
CUST00204,54253,726,245139
CUST00205,90755,710,258227
CUST00206,67215,670,314815
CUST00207,50195,743,207466
CUST00208,116703,806,668967
CUST00209,43372,736,445046
CUST00210,59985,716,331382
CUST00211,60981,709,390845
CUST00212,221345,811,1179530
CUST00213,42867,551,241514
CUST00214,26964,593,209320
CUST00215,31907,504,113831
CUST00216,152927,788,1315844
CUST00217,28229,526,143448
CUST00218,40169,665,266227
CUST00219,92722,656,411457
CUST00220,40752,631,131091
CUST00221,28026,477,170157
CUST00222,65745,741,321379
CUST00223,261628,848,1112357
CUST00224,29139,483,167195
CUST00225,40132,555,116637
CUST00226,38148,526,237164
CUST00227,85351,682,239383
CUST00228,93722,738,436756
CUST00229,184623,774,1348429
CUST00230,255786,801,1459251
CUST00231,135225,803,905555
CUST00232,62355,741,311891
CUST00233,175293,796,683691
CUST00234,148622,823,1384745
CUST00235,227328,754,1151209
CUST00236,279421,845,843786
CUST00237,68550,716,446475
CUST00238,62739,733,271328
CUST00239,69613,694,344935
CUST00240,56897,707,374811
CUST00241,136080,817,782221
CUST00242,43893,691,436253
CUST00243,59147,656,469488
CUST00244,63589,696,310948
CUST00245,93715,700,370474
CUST00246,74187,652,292987
CUST00247,53360,716,412942
CUST00248,93966,725,467678
CUST00249,285805,752,1144812
CUST00250,93352,672,442714
CUST00251,40716,699,476464
CUST00252,102402,805,1221319
CUST00253,71655,669,494077
CUST00254,29296,465,133664
CUST00255,66282,700,468071
CUST00256,256953,826,688171
CUST00257,142181,846,557545
CUST00258,122564,832,1241327
CUST00259,274736,850,1156988
CUST00260,97102,684,431694
CUST00261,212985,798,740744
CUST00262,55650,652,489275
CUST00263,234455,758,712684
CUST00264,77051,651,244886
CUST00265,287295,838,978262
CUST00266,96086,703,409332
CUST00267,178471,780,1310718
CUST00268,77452,651,317950
CUST00269,48005,665,245384
CUST00270,55776,698,431160
CUST00271,40364,495,202030
CUST00272,40756,683,490591
CUST00273,40550,697,307071
CUST00274,79462,669,207183
CUST00275,34996,586,239716
CUST00276,50754,708,484546
CUST00277,44115,696,394747
CUST00278,73212,692,278768
CUST00279,61026,736,232083
CUST00280,52272,702,486967
CUST00281,98592,714,435614
CUST00282,52771,664,259871
CUST00283,66925,704,264507
CUST00284,44403,726,227782
CUST00285,43582,735,239925
CUST00286,44457,526,139938
CUST00287,76171,686,236257
CUST00288,28738,572,190606
CUST00289,91339,683,290639
CUST00290,60290,710,336550
CUST00291,242726,751,822308
CUST00292,80619,732,263152
CUST00293,36712,520,174996
CUST00294,56930,662,474142
CUST00295,191747,782,1461590
CUST00296,110228,805,1126355
CUST00297,90427,726,475160
CUST00298,277756,757,1384483
CUST00299,261120,819,1146533
CUST00300,63064,749,346960
CUST00301,84417,660,465922
CUST00302,65326,658,425038
CUST00303,152637,801,1351239
CUST00304,29411,454,196570
CUST00305,63650,701,400240
CUST00306,165154,818,1198495
CUST00307,58548,732,439921
CUST00308,290800,786,1160337
CUST00309,280507,781,953909
CUST00310,50786,709,380700
CUST00311,32536,478,105718
CUST00312,69708,704,392120
CUST00313,71922,717,289214
CUST00314,46261,741,460008
CUST00315,52010,730,367840
CUST00316,28455,563,113697
CUST00317,26037,579,150777
CUST00318,124883,776,664671
CUST00319,172181,785,987943
CUST00320,204609,751,592203
CUST00321,95203,681,412619
CUST00322,46458,684,242366
CUST00323,27107,614,224077
CUST00324,186928,835,1359597
CUST00325,61664,728,326085
CUST00326,151204,805,1020554
CUST00327,35388,459,245705
CUST00328,40752,623,110970
CUST00329,252799,760,961016
CUST00330,36299,501,180802
CUST00331,47773,676,436983
CUST00332,90094,665,244105
CUST00333,83769,671,253609
CUST00334,93386,718,308063
CUST00335,78769,719,323321
CUST00336,86084,696,425839
CUST00337,209215,824,1453983
CUST00338,57011,748,310120
CUST00339,71716,691,291605
CUST00340,61319,684,441775
CUST00341,82832,698,380166
CUST00342,36530,530,213078
CUST00343,83927,674,376805
CUST00344,246693,820,1262422
CUST00345,62597,716,244109
CUST00346,63262,673,233540
CUST00347,134036,791,1339422
CUST00348,44460,563,206519
CUST00349,257696,825,941898
CUST00350,44358,734,443635
CUST00351,72823,708,210885
CUST00352,89024,700,236743
CUST00353,69271,718,317238
CUST00354,181674,828,1012961
CUST00355,256445,816,1482420
CUST00356,75230,667,335074
CUST00357,60981,659,409630
CUST00358,81606,745,366792
CUST00359,51072,720,298590
CUST00360,92920,671,205713
CUST00361,41634,679,460761
CUST00362,42174,712,274626
CUST00363,58668,702,258273
CUST00364,256679,814,1422072
CUST00365,179006,838,1252345
CUST00366,26387,536,203910
CUST00367,54824,720,424122
CUST00368,76542,697,279029
CUST00369,84937,692,327652
CUST00370,42833,500,126464
CUST00371,87176,651,355231
CUST00372,26151,586,132294
CUST00373,67267,705,286850
CUST00374,40709,594,113566
CUST00375,36460,649,143180
CUST00376,28596,464,103367
CUST00377,49048,746,352273
CUST00378,85768,654,391876
CUST00379,290062,755,737092
CUST00380,52390,708,473362
CUST00381,77628,689,368303
CUST00382,50666,740,377578
CUST00383,35475,619,162752
CUST00384,72178,729,221451
CUST00385,246624,828,650051
CUST00386,70096,670,423870
CUST00387,96166,691,371815
CUST00388,43892,701,283036
CUST00389,49658,741,229764
CUST00390,29640,625,110459
CUST00391,35131,647,180166
CUST00392,64084,672,448540
CUST00393,58577,693,216845
CUST00394,132717,793,942193
CUST00395,26792,639,108581
CUST00396,46760,661,427250
CUST00397,48354,737,456075
CUST00398,89261,722,463894
CUST00399,269376,787,609321
CUST00400,224761,779,1276297
CUST00401,95108,670,332797
CUST00402,36752,465,110931
CUST00403,88554,743,395328
CUST00404,53826,722,337298
CUST00405,61650,730,349096
CUST00406,133002,846,1157455
CUST00407,31007,630,165163
CUST00408,98395,651,235521
CUST00409,67820,702,309477
CUST00410,88129,691,373309
CUST00411,42346,571,246121
CUST00412,43116,722,226326
CUST00413,53134,747,201599
CUST00414,48078,678,228191
CUST00415,86021,733,267459
CUST00416,83895,653,384703
CUST00417,64243,685,228721
CUST00418,39488,505,236185
CUST00419,67047,727,262348
CUST00420,26927,485,170139
CUST00421,39079,572,172253
CUST00422,56782,736,446263
CUST00423,81839,675,216279
CUST00424,259943,756,1185820
CUST00425,57728,745,339914
CUST00426,51960,742,225959
CUST00427,39133,486,143525
CUST00428,228951,834,1367724
CUST00429,79637,693,200155
CUST00430,278382,848,1050529
CUST00431,81706,656,362987
CUST00432,25615,649,173284
CUST00433,158888,767,800958
CUST00434,56221,717,442337
CUST00435,84877,723,318866
CUST00436,64375,714,203559
CUST00437,31036,480,210210
CUST00438,43449,601,120125
CUST00439,212814,787,757171
CUST00440,57401,687,257599
CUST00441,79250,674,295108
CUST00442,45928,704,332769
CUST00443,235904,771,802092
CUST00444,38754,605,193929
CUST00445,86083,722,453357
CUST00446,44187,458,244448
CUST00447,268139,753,1017301
CUST00448,296326,850,923106
CUST00449,25937,630,150565
CUST00450,50461,711,341499
CUST00451,87063,665,411597
CUST00452,82993,716,341427
CUST00453,41648,511,172690
CUST00454,255411,767,612549
CUST00455,34968,522,114752
CUST00456,51714,670,448793
CUST00457,36418,507,133137
CUST00458,43432,706,220564
CUST00459,264943,823,1172129
CUST00460,75788,694,475104
CUST00461,33365,569,246477
CUST00462,266621,794,692788
CUST00463,79427,736,262975
CUST00464,190576,788,1037048
CUST00465,78943,746,299635
CUST00466,76155,748,233763
CUST00467,55279,729,394919
CUST00468,37414,544,175994
CUST00469,56666,736,285056
CUST00470,25322,605,184905
CUST00471,79157,678,279204
CUST00472,75867,714,411778
CUST00473,132164,849,728888
CUST00474,52941,659,218248
CUST00475,43301,718,312874
CUST00476,32877,556,145892
CUST00477,83034,695,213011
CUST00478,27245,500,249753
CUST00479,69920,709,344016
CUST00480,133150,796,530588
CUST00481,67871,725,363805
CUST00482,67765,694,247077
CUST00483,163594,808,852660
CUST00484,52065,742,416674
CUST00485,46302,672,372729
CUST00486,88454,694,320452
CUST00487,143402,773,656345
CUST00488,129283,806,1290867
CUST00489,54625,741,438339
CUST00490,67354,726,327543
CUST00491,96099,711,241137
CUST00492,51317,679,423886
CUST00493,51449,743,410903
CUST00494,29201,643,204765
CUST00495,59611,690,246074
CUST00496,25628,520,186948
CUST00497,184633,786,1435655
CUST00498,50401,718,348619
CUST00499,120562,835,716003
CUST00500,46437,656,431803
CUST00501,80667,653,405022
CUST00502,139812,777,786698
CUST00503,177611,805,1368686
CUST00504,205431,756,1232348
CUST00505,34334,458,188098
CUST00506,29892,614,156837
CUST00507,42208,722,400684
CUST00508,93967,663,285125
CUST00509,272706,814,645343
CUST00510,184080,781,757645
CUST00511,83609,711,394134
CUST00512,71923,680,437024
CUST00513,27609,573,180613
CUST00514,40680,654,388059
CUST00515,274117,762,1315217
CUST00516,86040,733,407086
CUST00517,77828,682,459088
CUST00518,166077,806,967254
CUST00519,33498,524,117529
CUST00520,49686,749,244627
CUST00521,71303,674,234567
CUST00522,119722,807,1424458
CUST00523,25012,627,119666
CUST00524,59865,654,218861
CUST00525,86699,712,279679
CUST00526,71213,702,319767
CUST00527,85424,666,224714
CUST00528,273365,773,535711
CUST00529,40139,678,282257
CUST00530,102938,789,1470920
CUST00531,246850,768,1090801
CUST00532,41536,674,316392
CUST00533,203269,820,1470479
CUST00534,40781,695,233201
CUST00535,61374,749,320973
CUST00536,90945,674,487275
CUST00537,67486,740,492261
CUST00538,39325,509,165801
CUST00539,68418,743,202776
CUST00540,299397,825,897019
CUST00541,28089,567,115388
CUST00542,95742,726,387983
CUST00543,38431,460,175506
CUST00544,42352,507,134895
CUST00545,57193,705,379956
CUST00546,87360,730,276749
CUST00547,25278,478,236206
CUST00548,198188,816,1281922
CUST00549,48322,683,419601
CUST00550,139948,846,788773
CUST00551,41935,653,394208
CUST00552,87621,716,246544
CUST00553,76007,737,255885
CUST00554,76745,710,223190
CUST00555,66928,719,487875
CUST00556,77454,651,361395
CUST00557,26581,628,216215
CUST00558,43651,745,336904
CUST00559,44926,738,409193
CUST00560,27345,484,117231
CUST00561,42849,570,194603
CUST00562,31095,533,245697
CUST00563,84086,724,291197
CUST00564,25156,577,191249
CUST00565,42474,711,345551
CUST00566,41106,676,439089
CUST00567,42483,719,412112
CUST00568,67524,652,306793
CUST00569,167315,784,971306
CUST00570,28341,641,169215
CUST00571,53023,718,233055
CUST00572,43997,557,105241
CUST00573,45764,695,295343
CUST00574,91605,745,216553
CUST00575,203123,779,902084
CUST00576,264708,819,679110
CUST00577,83951,712,256169
CUST00578,81944,735,440527
CUST00579,85011,734,447137
CUST00580,25524,563,193465
CUST00581,58808,713,397012
CUST00582,90863,714,283429
CUST00583,35321,583,189361
CUST00584,80343,741,310775
CUST00585,28126,516,189797
CUST00586,45983,707,434320
CUST00587,97313,739,278972
CUST00588,38567,627,202128
CUST00589,46172,676,375390
CUST00590,37126,486,171906
CUST00591,43617,674,207872
CUST00592,34414,623,105662
CUST00593,69772,719,441736
CUST00594,43471,585,181413
CUST00595,28762,578,237658
CUST00596,88980,722,315442
CUST00597,98887,680,300325
CUST00598,71417,712,413458
CUST00599,30760,457,192838
CUST00600,91395,715,397893
CUST00601,153782,759,846626
CUST00602,159013,821,605282
CUST00603,84933,716,365109
CUST00604,61291,652,279568
CUST00605,91868,679,392592
CUST00606,89892,663,426617
CUST00607,88937,709,252439
CUST00608,91967,729,249796
CUST00609,63087,733,439140
CUST00610,66703,682,214523
CUST00611,42636,698,430469
CUST00612,57165,670,276616
CUST00613,98890,683,322148
CUST00614,57444,731,450895
CUST00615,162468,820,1092243
CUST00616,41177,538,149431
CUST00617,63850,698,458329
CUST00618,46094,706,401663
CUST00619,80237,684,445159
CUST00620,62766,666,299570
CUST00621,93544,723,357598
CUST00622,95284,684,382141
CUST00623,140814,760,879444
CUST00624,27761,453,207409
CUST00625,98932,710,429147
CUST00626,90817,689,403822
CUST00627,54524,745,363798
CUST00628,65112,676,417860
CUST00629,56029,730,279343
CUST00630,258943,770,1169587
CUST00631,44558,592,215200
CUST00632,64314,720,328894
CUST00633,85343,694,226243
CUST00634,75023,702,461995
CUST00635,52375,674,263710
CUST00636,50633,672,417832
CUST00637,52136,749,331770
CUST00638,79128,657,217092
CUST00639,67339,731,493450
CUST00640,50551,722,308572
CUST00641,25254,557,102761
CUST00642,36688,468,243278
CUST00643,48055,689,396643
CUST00644,77519,712,454460
CUST00645,44669,451,166687
CUST00646,89462,659,260208
CUST00647,53908,656,309743
CUST00648,25915,480,108627
CUST00649,34022,643,222170
CUST00650,252919,825,1324406
CUST00651,98216,679,375718
CUST00652,40864,597,222881
CUST00653,117045,789,572487
CUST00654,62093,723,379823
CUST00655,92937,662,357025
CUST00656,215821,814,929433
CUST00657,30015,606,194258
CUST00658,40740,658,255615
CUST00659,57616,669,244472
CUST00660,74170,696,338536
CUST00661,80078,674,440200
CUST00662,215989,751,1073941
CUST00663,96648,668,209936
CUST00664,44461,539,160139
CUST00665,53358,669,417785
CUST00666,44015,582,203505
CUST00667,29821,535,230381
CUST00668,41344,546,109403
CUST00669,177295,835,540994
CUST00670,38789,637,220601
CUST00671,91194,745,373342
CUST00672,62767,712,382119
CUST00673,87742,677,308708
CUST00674,73775,717,439892
CUST00675,192087,795,510533
CUST00676,42752,727,243904
CUST00677,82151,670,321335
CUST00678,70855,747,213252
CUST00679,73658,660,437918
CUST00680,56555,697,262549
CUST00681,71885,747,356208
CUST00682,70060,670,267083
CUST00683,36008,585,212019
CUST00684,205241,758,1166673
CUST00685,61791,656,379841
CUST00686,189591,821,527150
CUST00687,40320,538,147168
CUST00688,40227,600,139483
CUST00689,49702,660,487641
CUST00690,74158,658,237286
CUST00691,163430,803,1369382
CUST00692,64136,698,317515
CUST00693,35736,643,151250
CUST00694,97822,679,264965
CUST00695,209568,850,687982
CUST00696,42800,716,394505
CUST00697,67363,720,322148
CUST00698,68971,737,252857
CUST00699,65924,747,311083
CUST00700,131342,815,1310360
CUST00701,27736,614,118000
CUST00702,219121,769,1342613
CUST00703,77486,655,376124
CUST00704,108997,764,505302
CUST00705,86389,739,406700
CUST00706,230716,765,882015
CUST00707,40285,725,307396
CUST00708,49846,718,255942
CUST00709,55558,667,367254
CUST00710,37840,559,133112
CUST00711,102768,772,584036
CUST00712,96346,717,248223
CUST00713,42990,514,186605
CUST00714,35283,452,193976
CUST00715,64676,686,409678
CUST00716,46394,742,325909
CUST00717,50717,729,497398
CUST00718,213609,777,757609
CUST00719,28381,642,195201
CUST00720,49893,709,424863
CUST00721,61328,728,475682
CUST00722,33572,496,245460
CUST00723,93639,671,296411
CUST00724,160496,828,1222221
CUST00725,55333,704,313207
CUST00726,73476,748,461616
CUST00727,66778,723,217870
CUST00728,129410,801,988032
CUST00729,76761,654,276294
CUST00730,29230,597,197966
CUST00731,57955,690,210476
CUST00732,58070,684,335215
CUST00733,32480,479,142383
CUST00734,76537,696,475802
CUST00735,58577,695,316869
CUST00736,51223,736,355006
CUST00737,45906,730,353597
CUST00738,120595,763,1274377
CUST00739,59173,707,227654
CUST00740,41424,499,165293
CUST00741,42407,598,120099
CUST00742,79672,675,434846
CUST00743,27043,614,221481
CUST00744,110972,825,692050
CUST00745,56129,739,316238
CUST00746,66199,739,362227
CUST00747,184372,800,1239646
CUST00748,40641,593,237047
CUST00749,153936,804,1221954
CUST00750,84392,651,461513
CUST00751,67808,696,241080
CUST00752,139698,836,1184099
CUST00753,79599,720,426355
CUST00754,44604,491,100796
CUST00755,87119,722,220562
CUST00756,59124,675,356799
CUST00757,96956,735,267324
CUST00758,172516,764,602822
CUST00759,144738,780,740601
CUST00760,31648,482,109748
CUST00761,45605,715,330776
CUST00762,93261,696,426690
CUST00763,61984,657,399174
CUST00764,211946,820,992902
CUST00765,81344,749,439948
CUST00766,71494,658,246842
CUST00767,224307,832,1099027
CUST00768,84249,652,352005
CUST00769,43054,613,234646
CUST00770,37342,619,161940
CUST00771,59546,699,495826
CUST00772,95822,674,456809
CUST00773,129728,800,977102
CUST00774,264090,818,1442946
CUST00775,34467,636,167385
CUST00776,55379,657,211926
CUST00777,106064,807,733797
CUST00778,59242,712,321368
CUST00779,224729,776,1134370
CUST00780,76597,672,209538
CUST00781,229521,763,1175215
CUST00782,81200,652,478800
CUST00783,240145,786,1315261
CUST00784,212732,788,1268492
CUST00785,77018,701,380396
CUST00786,54348,729,437256
CUST00787,79588,651,300800
CUST00788,202503,761,1274077
CUST00789,90652,653,289376
CUST00790,42983,460,103087
CUST00791,98385,747,214241
CUST00792,88052,702,349189
CUST00793,26637,634,173520
CUST00794,38248,599,195724
CUST00795,58346,712,403120
CUST00796,73920,710,205624
CUST00797,69760,676,424820
CUST00798,51146,666,311572
CUST00799,80457,700,260120
CUST00800,49003,681,237639
CUST00801,78718,659,479593
CUST00802,80542,741,260381
CUST00803,64725,722,369988
CUST00804,42945,728,441591
CUST00805,92052,675,334273
CUST00806,41921,745,256713
CUST00807,90524,723,301124
CUST00808,56581,659,458495
CUST00809,89761,707,228683
CUST00810,142965,781,649426
CUST00811,145501,791,880254
CUST00812,230875,802,596043
CUST00813,186816,773,1241538
CUST00814,91741,702,409566
CUST00815,140586,782,1245181
CUST00816,131290,781,624537
CUST00817,72325,654,320017
CUST00818,41472,562,176550
CUST00819,75223,653,286387
CUST00820,80284,726,240974
CUST00821,43233,514,210588
CUST00822,42104,557,136446
CUST00823,41856,538,106522
CUST00824,61510,670,262962
CUST00825,38709,462,118392
CUST00826,49355,681,340201
CUST00827,43879,502,141591
CUST00828,44870,620,216003
CUST00829,56176,745,489999
CUST00830,170576,812,701082
CUST00831,72569,743,231887
CUST00832,94720,653,352558
CUST00833,87935,689,252840
CUST00834,73585,650,492701
CUST00835,29688,556,159267
CUST00836,55802,716,441903
CUST00837,79496,724,324804
CUST00838,33996,490,178986
CUST00839,46380,723,251875
CUST00840,35235,646,210748
CUST00841,50918,710,316820
CUST00842,26942,619,112350
CUST00843,55565,721,452165
CUST00844,38052,515,143712
CUST00845,48845,731,490453
CUST00846,43186,483,169741
CUST00847,32236,457,119690
CUST00848,246064,787,1313218
CUST00849,174247,831,901590
CUST00850,55023,748,334663
CUST00851,243642,777,1126370
CUST00852,94700,698,407732
CUST00853,98422,661,286124
CUST00854,38911,478,203607
CUST00855,91711,664,204609
CUST00856,154227,809,1062339
CUST00857,58457,736,315196
CUST00858,73735,659,308685
CUST00859,69342,696,479550
CUST00860,60473,722,302788
CUST00861,88817,739,342276
CUST00862,61296,741,345264
CUST00863,77305,722,336616
CUST00864,247368,835,1109185
CUST00865,69945,659,454157
CUST00866,111352,759,778079
CUST00867,45631,720,383178
CUST00868,77233,665,271884
CUST00869,92702,659,233146
CUST00870,49611,732,486199
CUST00871,35888,489,172324
CUST00872,51506,713,242610
CUST00873,97306,697,338425
CUST00874,40791,749,406535
CUST00875,34602,451,172786
CUST00876,36534,484,244982
CUST00877,62002,651,412187
CUST00878,111628,763,657504
CUST00879,73615,741,228242
CUST00880,83351,745,400806
CUST00881,40733,702,310017
CUST00882,96668,747,236524
CUST00883,54440,748,446026
CUST00884,53093,656,261556
CUST00885,74442,682,479256
CUST00886,48457,676,201107
CUST00887,78672,748,380891
CUST00888,285940,782,512132
CUST00889,59927,728,242386
CUST00890,212498,825,1064933
CUST00891,29859,504,102285
CUST00892,84430,656,212330
CUST00893,65405,745,438295
CUST00894,75871,666,317872
CUST00895,68151,650,271636
CUST00896,206738,832,1262898
CUST00897,67835,721,378085
CUST00898,52411,735,385182
CUST00899,229740,767,1045604
CUST00900,56835,696,379531
CUST00901,69445,732,484526
CUST00902,36406,531,188030
CUST00903,78693,722,448295
CUST00904,199423,831,723483
CUST00905,94241,747,220163
CUST00906,43315,474,141784
CUST00907,85721,702,347858
CUST00908,66968,698,399273
CUST00909,50808,728,412291
CUST00910,63203,678,337639
CUST00911,74897,664,312890
CUST00912,110810,829,591767
CUST00913,258802,790,1031116
CUST00914,47905,665,385334
CUST00915,46575,656,202429
CUST00916,249913,796,1449188
CUST00917,88314,685,236352
CUST00918,62141,704,457508
CUST00919,27047,459,246307
CUST00920,94125,723,317053
CUST00921,46131,657,260917
CUST00922,43106,599,193331
CUST00923,266401,847,1318372
CUST00924,98929,724,262426
CUST00925,137537,766,1205593
CUST00926,32044,502,244784
CUST00927,92159,742,387902
CUST00928,250720,804,964453
CUST00929,245306,793,1235202
CUST00930,29325,531,234082
CUST00931,43901,694,344974
CUST00932,188032,812,728145
CUST00933,55898,673,356954
CUST00934,76244,732,376889
CUST00935,28904,647,240005
CUST00936,29504,542,156089
CUST00937,90167,720,341956
CUST00938,27682,500,244081
CUST00939,81577,701,394535
CUST00940,43425,664,449431
CUST00941,282137,843,839424
CUST00942,31964,509,234746
CUST00943,208086,826,1327874
CUST00944,40894,692,394144
CUST00945,158738,753,1211409
CUST00946,25735,636,220190
CUST00947,262442,762,684291
CUST00948,48762,745,304286
CUST00949,149008,775,832335
CUST00950,79285,715,299039
CUST00951,151816,805,1021524
CUST00952,94506,654,276584
CUST00953,66402,713,436298
CUST00954,89225,688,370600
CUST00955,90585,707,320279
CUST00956,98547,656,438849
CUST00957,39514,551,186954
CUST00958,61101,729,304589
CUST00959,42943,529,160984
CUST00960,55923,727,330778
CUST00961,40852,525,105612
CUST00962,85564,736,436903
CUST00963,25615,507,154598
CUST00964,65168,657,305346
CUST00965,180836,785,560342
CUST00966,64979,681,370711
CUST00967,130862,792,754762
CUST00968,41595,458,228379
CUST00969,34289,452,145702
CUST00970,62052,667,329657
CUST00971,68105,732,341155
CUST00972,214432,839,1113506
CUST00973,83108,697,201765
CUST00974,37606,533,229356
CUST00975,26185,573,198933
CUST00976,79009,655,377643
CUST00977,240355,785,1355064
CUST00978,34463,558,102300
CUST00979,69344,654,337440
CUST00980,43865,717,497949
CUST00981,27558,586,198800
CUST00982,67077,732,243999
CUST00983,36993,575,119217
CUST00984,51034,733,435893
CUST00985,33561,632,185791
CUST00986,200980,850,917424
CUST00987,30210,620,119059
CUST00988,96070,726,412899
CUST00989,81166,748,263527
CUST00990,54007,674,290573
CUST00991,42089,609,143643
CUST00992,91104,672,256911
CUST00993,60499,676,249195
CUST00994,80217,669,337504
CUST00995,58585,713,316392
CUST00996,53066,692,242500
CUST00997,41492,671,459081
CUST00998,95627,712,327372
CUST00999,79766,707,495881
CUST01000,37325,515,107546
CUST01001,89539,696,312790
CUST01002,61468,678,296195
CUST01003,80043,671,426827
CUST01004,27208,451,224650
CUST01005,87405,691,421159
CUST01006,78729,673,381856
CUST01007,64833,713,215668
CUST01008,98739,692,279651
CUST01009,91962,686,347080
CUST01010,46138,658,435188
CUST01011,214097,775,537969
CUST01012,41726,661,454149
CUST01013,139230,818,583083
CUST01014,43356,496,165449
CUST01015,83437,662,208442
CUST01016,34375,584,157031
CUST01017,191077,842,1414373
CUST01018,88538,664,248708
CUST01019,36768,482,175170
CUST01020,168238,834,1310253
CUST01021,55022,706,454976
CUST01022,95696,708,321962
CUST01023,41090,712,399616
CUST01024,127814,809,1499533
CUST01025,41572,570,126305
CUST01026,95649,676,334976
CUST01027,78740,651,237082
CUST01028,93945,731,306317
CUST01029,68326,726,240587
CUST01030,68264,669,455197
CUST01031,59623,730,468055
CUST01032,50657,725,369216
CUST01033,264788,791,551606
CUST01034,78060,673,421147
CUST01035,36945,487,183238
CUST01036,54020,739,345722
CUST01037,78120,710,210070
CUST01038,42896,675,483934
CUST01039,135778,755,944387
CUST01040,71028,744,355218
CUST01041,36480,581,117676
CUST01042,62958,711,393758
CUST01043,256345,809,1317265
CUST01044,80255,666,346473
CUST01045,35857,584,188650
CUST01046,36712,591,185154
CUST01047,124160,840,1123505
CUST01048,36887,597,172967
CUST01049,70048,679,292303
CUST01050,78877,689,293378
CUST01051,49449,740,349635
CUST01052,298722,842,784830
CUST01053,252022,769,528854
CUST01054,46588,673,434969
CUST01055,85987,706,328642
CUST01056,57006,722,456300
CUST01057,41681,451,116792
CUST01058,61541,731,460526
CUST01059,187562,795,1231414
CUST01060,62825,743,451420
CUST01061,52687,653,365459
CUST01062,89252,658,296423
CUST01063,287806,769,1325385
CUST01064,145031,800,760304
CUST01065,88475,725,413619
CUST01066,96261,659,303892
CUST01067,32570,567,202885
CUST01068,83192,727,230173
CUST01069,116598,758,993542
CUST01070,39793,584,108972
CUST01071,32713,512,133422
CUST01072,77039,706,459659
CUST01073,102252,766,1160508
CUST01074,64532,698,255401
CUST01075,25836,567,189120
CUST01076,83216,743,313835
CUST01077,42487,629,224831
CUST01078,84730,651,484759
CUST01079,44881,669,444523
CUST01080,171039,789,1156901
CUST01081,64789,687,433740
CUST01082,75526,662,270409
CUST01083,68277,664,388570
CUST01084,58227,696,335565
CUST01085,141224,828,1172613
CUST01086,74654,684,410340
CUST01087,62085,748,398299
CUST01088,27595,622,215403
CUST01089,89437,654,265972
CUST01090,76464,698,265931
CUST01091,32473,545,102291
CUST01092,56941,720,349206
CUST01093,36448,627,230108
CUST01094,97621,673,300879
CUST01095,29599,634,208365
CUST01096,32488,460,245546
CUST01097,65907,724,450523
CUST01098,40963,652,274954
CUST01099,87204,656,294234
CUST01100,261371,756,958868
CUST01101,38508,595,249486
CUST01102,64498,683,465359
CUST01103,60925,687,338836
CUST01104,122289,815,1117721
CUST01105,77847,682,230692
CUST01106,87331,687,353806
CUST01107,97328,658,336710
CUST01108,278307,765,854409
CUST01109,89255,740,382712
CUST01110,91249,668,429998
CUST01111,28998,455,170528
CUST01112,54695,711,253886
CUST01113,29498,576,120631
CUST01114,167002,846,962537
CUST01115,188422,774,1355180
CUST01116,72380,663,414717
CUST01117,116953,759,779153
CUST01118,114805,813,1397004
CUST01119,47376,669,470197
CUST01120,29941,490,249029
CUST01121,70728,668,493259
CUST01122,159508,840,1300588
CUST01123,67219,665,375083
CUST01124,80482,680,234202
CUST01125,57644,714,452963
CUST01126,41303,643,211469
CUST01127,88964,730,252551
CUST01128,60777,681,379518
CUST01129,198425,756,1457137
CUST01130,217660,824,724978
CUST01131,42701,743,243818
CUST01132,37715,515,162547
CUST01133,296916,769,1020463
CUST01134,41071,535,147292
CUST01135,147268,831,1327565
CUST01136,88125,668,449954
CUST01137,63842,721,418952
CUST01138,83001,701,304468
CUST01139,91192,653,390584
CUST01140,203358,849,993285
CUST01141,83224,749,314473
CUST01142,56960,715,399644
CUST01143,69774,681,332504
CUST01144,50262,733,353277
CUST01145,85662,684,446316
CUST01146,59785,695,268357
CUST01147,155138,840,1306333
CUST01148,58728,710,490794
CUST01149,97858,699,206418
CUST01150,39527,578,158927
CUST01151,39175,595,128735
CUST01152,54046,706,436488
CUST01153,31473,488,181182
CUST01154,81190,722,443593
CUST01155,70209,699,305399
CUST01156,84509,656,252337
CUST01157,171517,849,1111363
CUST01158,36268,463,218300
CUST01159,49822,652,388499
CUST01160,285768,795,1417183
CUST01161,209194,810,1423920
CUST01162,40148,708,481648
CUST01163,100441,820,1403673
CUST01164,42357,663,424427
CUST01165,294625,751,1231043
CUST01166,81479,706,365160
CUST01167,40192,670,328998
CUST01168,63102,720,230702
CUST01169,32157,466,111338
CUST01170,252576,790,731908
CUST01171,69917,662,204679
CUST01172,52085,733,281905
CUST01173,98540,666,338464
CUST01174,40414,513,145835
CUST01175,80060,660,260275
CUST01176,141358,807,591499
CUST01177,191087,837,786360
CUST01178,55409,734,466151
CUST01179,100742,764,1193229
CUST01180,48258,676,377134
CUST01181,61959,742,466517
CUST01182,82615,661,320064
CUST01183,91831,708,421671
CUST01184,27951,648,164491
CUST01185,127953,759,947589
CUST01186,74492,688,378317
CUST01187,41982,585,101301
CUST01188,56687,746,411607
CUST01189,78401,656,246208
CUST01190,97300,674,251500
CUST01191,58085,671,281688
CUST01192,102112,760,612011
CUST01193,42522,718,468120
CUST01194,88698,680,451581
CUST01195,201883,839,1302342
CUST01196,61048,733,422846
CUST01197,91273,712,355381
CUST01198,91767,698,369442
CUST01199,77123,656,272725
CUST01200,55212,739,352580
CUST01201,32193,575,176300
CUST01202,59927,707,468074
CUST01203,57373,732,211476
CUST01204,43584,652,344086
CUST01205,58583,654,261935
CUST01206,45547,730,408769
CUST01207,55439,745,493733
CUST01208,108341,841,621297
CUST01209,40495,538,172671
CUST01210,64971,650,224425
CUST01211,40241,538,217562
CUST01212,81647,681,395965
CUST01213,62156,680,250007
CUST01214,173829,834,1022422
CUST01215,62838,702,280220
CUST01216,50449,683,439796
CUST01217,71236,749,249922
CUST01218,65998,739,365110
CUST01219,150191,770,1163976
CUST01220,63305,699,310475
CUST01221,80028,669,221000
CUST01222,80923,736,451437
CUST01223,66706,695,238623
CUST01224,49862,739,476547
CUST01225,288917,753,503180
CUST01226,79544,700,412276
CUST01227,34815,475,166702
CUST01228,70063,689,445669
CUST01229,73369,728,420282
CUST01230,44486,693,315544
CUST01231,53699,701,297368
CUST01232,90237,739,280940
CUST01233,41928,563,197043
CUST01234,84628,654,212799
CUST01235,57591,705,384033
CUST01236,88504,743,291161
CUST01237,34203,637,146518
CUST01238,36598,522,221078
CUST01239,40761,598,110558
CUST01240,93769,739,291318
CUST01241,116944,805,507156
CUST01242,275038,843,852175
CUST01243,49419,746,338367
CUST01244,40806,700,488244
CUST01245,191112,827,1264335
CUST01246,239250,849,1411907
CUST01247,71294,682,240294
CUST01248,125766,757,586299
CUST01249,80265,661,391211
CUST01250,85544,661,252805
CUST01251,47475,712,236280
CUST01252,80655,674,320037
CUST01253,72859,666,409406
CUST01254,46041,687,440451
CUST01255,33177,586,236322
CUST01256,83651,657,323594
CUST01257,82033,703,475143
CUST01258,79158,732,475489
CUST01259,66645,734,411073
CUST01260,47606,659,449643
CUST01261,31902,526,110234
CUST01262,40351,614,105947
CUST01263,29773,615,234403
CUST01264,94806,724,472869
CUST01265,43486,659,240677
CUST01266,96222,691,289558
CUST01267,52640,683,382470
CUST01268,75964,732,422984
CUST01269,216782,832,895548
CUST01270,66001,709,454043
CUST01271,74170,682,349562
CUST01272,83434,693,453237
CUST01273,207063,776,1234457
CUST01274,67758,695,288588
CUST01275,71018,658,486845
CUST01276,225146,807,716429
CUST01277,68633,748,374490
CUST01278,56022,650,365658
CUST01279,54605,654,296226
CUST01280,146514,803,1069012
CUST01281,80269,661,284275
CUST01282,50038,666,231629
CUST01283,86546,681,468477
CUST01284,36447,496,233614
CUST01285,71017,713,249062
CUST01286,41192,700,358550
CUST01287,30259,492,243046
CUST01288,40436,548,216687
CUST01289,98350,743,413529
CUST01290,89084,694,384458
CUST01291,35298,549,165773
CUST01292,227279,801,705103
CUST01293,51363,680,248986
CUST01294,204212,767,744072
CUST01295,71065,729,419224
CUST01296,29473,539,189001
CUST01297,50315,747,229861
CUST01298,67870,704,462782
CUST01299,63006,709,352939
CUST01300,273485,808,993763
CUST01301,31420,572,102614
CUST01302,43003,450,236858
CUST01303,63019,708,272287
CUST01304,51947,652,289589
CUST01305,96734,701,292407
CUST01306,82284,683,298782
CUST01307,89664,689,252627
CUST01308,69354,678,272724
CUST01309,47220,674,224141
CUST01310,69456,745,441874
CUST01311,76269,652,337306
CUST01312,161629,847,698512
CUST01313,53566,704,420125
CUST01314,85855,725,337502
CUST01315,51395,692,227239
CUST01316,75415,715,425604
CUST01317,57168,696,200300
CUST01318,95166,735,210580
CUST01319,289696,761,1068050
CUST01320,25866,568,112031
CUST01321,41546,554,247118
CUST01322,50401,672,379461
CUST01323,71242,748,416299
CUST01324,86048,692,411847
CUST01325,49938,670,470508
CUST01326,65273,687,446932
CUST01327,77440,700,370423
CUST01328,40748,542,106854
CUST01329,283154,836,1208910
CUST01330,60532,684,215566
CUST01331,186222,841,733746
CUST01332,42012,690,435825
CUST01333,226845,804,744779
CUST01334,141595,801,1350075
CUST01335,38379,637,151295
CUST01336,44503,708,381451
CUST01337,59910,706,223605
CUST01338,81532,734,258531
CUST01339,63670,689,273502
CUST01340,190881,774,1228982
CUST01341,41156,745,458062
CUST01342,55437,708,412916
CUST01343,73472,656,329424
CUST01344,26761,555,108858
CUST01345,91729,730,252119
CUST01346,94351,704,203552
CUST01347,75575,726,256047
CUST01348,38291,473,191515
CUST01349,91642,739,366983
CUST01350,59394,742,253626
CUST01351,32698,588,192437
CUST01352,79810,695,247906
CUST01353,218845,825,1207376
CUST01354,152233,834,1499294
CUST01355,79038,731,470250
CUST01356,75393,676,369110
CUST01357,42159,688,377089
CUST01358,32437,598,162637
CUST01359,77087,702,431431
CUST01360,93497,733,225635
CUST01361,268414,760,967477
CUST01362,50018,705,358720
CUST01363,57712,696,364018
CUST01364,135929,753,789412
CUST01365,69721,715,297769
CUST01366,39079,618,105560
CUST01367,81012,657,459125
CUST01368,213311,820,799060
CUST01369,279232,847,579979
CUST01370,72185,745,414062
CUST01371,199032,759,1274228
CUST01372,34350,628,115286
CUST01373,79430,692,436417
CUST01374,45302,727,408497
CUST01375,78350,672,246332
CUST01376,61390,746,225974
CUST01377,45430,678,230743
CUST01378,84689,689,474099
CUST01379,51806,694,427555
CUST01380,209825,762,548209
CUST01381,85431,717,460046
CUST01382,78114,726,321822
CUST01383,70811,729,256466
CUST01384,93149,684,225331
CUST01385,48846,708,225061
CUST01386,154517,836,1345950
CUST01387,67791,746,485918
CUST01388,48589,701,254600
CUST01389,48223,722,402452
CUST01390,87298,657,234973
CUST01391,51188,695,421141
CUST01392,43585,472,181784
CUST01393,40031,586,117653
CUST01394,46042,696,311264
CUST01395,95929,651,277692
CUST01396,33715,457,118878
CUST01397,90311,702,478284
CUST01398,68082,729,329149
CUST01399,189345,807,1005349
CUST01400,41133,573,222017
CUST01401,54932,710,444866
CUST01402,270675,769,962163
CUST01403,215976,761,803091
CUST01404,95168,749,375277
CUST01405,84512,676,241450
CUST01406,55615,671,215186
CUST01407,82038,672,372161
CUST01408,222799,804,1220292
CUST01409,81262,709,228761
CUST01410,78121,744,319776
CUST01411,47891,724,285287
CUST01412,81190,742,253279
CUST01413,80940,707,207467
CUST01414,50754,660,459251
CUST01415,134990,828,577999
CUST01416,49615,665,228014
CUST01417,82858,748,457314
CUST01418,148767,797,593169
CUST01419,73985,678,471798
CUST01420,40735,682,302944
CUST01421,234533,772,1038213
CUST01422,42796,703,474864
CUST01423,55662,675,443551
CUST01424,48379,663,218112
CUST01425,43086,657,250493
CUST01426,34819,474,197580
CUST01427,76231,735,498189
CUST01428,262340,792,1052221
CUST01429,68538,727,316291
CUST01430,76169,667,325705
CUST01431,93006,676,420890
CUST01432,87646,666,334704
CUST01433,93590,659,386427
CUST01434,27827,533,165269
CUST01435,36978,489,133949
CUST01436,45322,713,416023
CUST01437,200920,835,1083054
CUST01438,82442,731,471246
CUST01439,40948,698,321109
CUST01440,31301,527,248063
CUST01441,90574,722,220330
CUST01442,97659,696,472727
CUST01443,85201,743,249146
CUST01444,51247,708,259841
CUST01445,287217,750,1424679
CUST01446,98464,710,410787
CUST01447,46454,712,350912
CUST01448,199648,831,922142
CUST01449,60329,650,481518
CUST01450,90189,739,449138
CUST01451,31050,561,116371
CUST01452,98827,728,421637
CUST01453,70276,710,250327
CUST01454,44298,674,445388
CUST01455,33904,520,206710
CUST01456,90744,693,266640
CUST01457,76209,743,358556
CUST01458,258498,837,521213
CUST01459,84644,665,381654
CUST01460,97202,723,213958
CUST01461,226885,782,865398
CUST01462,51790,674,334146
CUST01463,207856,829,860359
CUST01464,30272,517,189675
CUST01465,253435,796,554584
CUST01466,79704,710,200535
CUST01467,240151,837,1116411
CUST01468,31852,634,133191
CUST01469,49059,660,356505
CUST01470,81528,679,294622
CUST01471,155769,813,1494988
CUST01472,59056,713,442166
CUST01473,242452,789,622250
CUST01474,30323,563,139218
CUST01475,62461,709,347307
CUST01476,90044,663,414222
CUST01477,69007,699,493927
CUST01478,25701,544,118264
CUST01479,74310,738,249771
CUST01480,87103,669,248369
CUST01481,119096,757,551361
CUST01482,35480,612,241868
CUST01483,76203,694,225543
CUST01484,87576,654,262057
CUST01485,34650,595,164883
CUST01486,97065,741,413228
CUST01487,41874,620,196712
CUST01488,88929,720,478021
CUST01489,71879,728,224542
CUST01490,51696,737,249447
CUST01491,98073,735,223125
CUST01492,95972,739,208602
CUST01493,28906,496,212778
CUST01494,49310,703,416198
CUST01495,134454,839,1309262
CUST01496,260585,845,903008
CUST01497,172329,847,893151
CUST01498,78619,670,377130
CUST01499,31656,518,184357
CUST01500,84671,660,206209
CUST01501,38381,522,147344
CUST01502,50056,742,498159
CUST01503,249871,848,1068386
CUST01504,93191,747,439613
CUST01505,189406,783,1400829
CUST01506,128087,793,921055
CUST01507,25107,530,172821
CUST01508,140831,760,1151097
CUST01509,37871,506,186717
CUST01510,32663,495,156685
CUST01511,269528,761,1477780
CUST01512,280462,785,553328
CUST01513,200008,813,1385797
CUST01514,144856,753,1059452
CUST01515,32208,571,198746
CUST01516,111137,837,814959
CUST01517,44509,674,251686
CUST01518,41278,664,240050
CUST01519,49566,712,223880
CUST01520,51978,694,235334
CUST01521,238712,839,724345
CUST01522,63183,679,207400
CUST01523,43809,650,496708
CUST01524,84946,670,368500
CUST01525,61906,653,464670
CUST01526,115474,779,691364
CUST01527,52845,676,482133
CUST01528,77314,678,356847
CUST01529,27058,516,199241
CUST01530,27990,619,189782
CUST01531,90183,683,342811
CUST01532,70473,652,374859
CUST01533,53926,685,485531
CUST01534,36823,608,229849
CUST01535,27379,453,218297
CUST01536,44521,516,143656
CUST01537,211595,752,1049952
CUST01538,60190,658,453137
CUST01539,45099,747,470804
CUST01540,45874,656,451925
CUST01541,44476,655,406273
CUST01542,43911,574,153910
CUST01543,75645,734,294267
CUST01544,73814,719,219207
CUST01545,53790,724,442450
CUST01546,25242,557,111791
CUST01547,119226,801,900298
CUST01548,28679,465,248908
CUST01549,35343,493,235670
CUST01550,34255,591,186963
CUST01551,79429,746,284544
CUST01552,31706,621,223193
CUST01553,40288,719,262935
CUST01554,89041,716,489967
CUST01555,56074,732,280346
CUST01556,84319,718,311598
CUST01557,95355,658,334312
CUST01558,43819,484,245112
CUST01559,65305,691,422132
CUST01560,61378,658,315541
CUST01561,29135,551,173496
CUST01562,195665,767,1471208
CUST01563,72330,682,415830
CUST01564,232821,807,1318475
CUST01565,37850,591,229064
CUST01566,91114,723,306553
CUST01567,95978,732,271473
CUST01568,284935,801,1271046
CUST01569,62666,690,387809
CUST01570,149795,800,523904
CUST01571,94105,710,347660
CUST01572,43615,574,109346
CUST01573,40615,664,255914
CUST01574,126204,759,1430870
CUST01575,295073,834,1059799
CUST01576,84304,695,266244
CUST01577,86505,662,356903
CUST01578,75815,727,404974
CUST01579,297122,812,544884
CUST01580,89806,680,442465
CUST01581,164266,771,535888
CUST01582,247196,833,1051092
CUST01583,71928,718,321617
CUST01584,34771,452,196337
CUST01585,92149,709,482483
CUST01586,34158,550,194012
CUST01587,62780,695,318137
CUST01588,39083,549,203882
CUST01589,38885,482,155336
CUST01590,79104,740,285329
CUST01591,84127,731,464205
CUST01592,42033,617,205182
CUST01593,127036,827,516720
CUST01594,37508,531,232373
CUST01595,38095,528,151077
CUST01596,26515,524,153074
CUST01597,66856,713,385121
CUST01598,62127,706,443851
CUST01599,101014,835,1047554
CUST01600,80601,690,479941
CUST01601,39425,600,239410
CUST01602,42865,697,326611
CUST01603,34012,617,154341
CUST01604,293690,818,784790
CUST01605,69635,673,469082
CUST01606,38285,473,169660
CUST01607,79128,682,375386
CUST01608,44290,731,273841
CUST01609,60218,712,461550
CUST01610,40901,578,106259
CUST01611,76991,719,393191
CUST01612,263066,849,1282109
CUST01613,62504,733,264388
CUST01614,239328,816,723042
CUST01615,64478,740,382385
CUST01616,63807,740,223516
CUST01617,262737,830,813549
CUST01618,230465,832,1447376
CUST01619,221526,843,1483035
CUST01620,81973,744,369766
CUST01621,33038,623,107175
CUST01622,63867,712,460117
CUST01623,86286,663,405211
CUST01624,223664,813,713419
CUST01625,74872,699,290731
CUST01626,44886,472,183190
CUST01627,31555,616,109526
CUST01628,35994,604,203497
CUST01629,28376,479,237139
CUST01630,53465,749,389846
CUST01631,48906,687,468723
CUST01632,35597,516,148730
CUST01633,47429,703,282399
CUST01634,64336,720,328011
CUST01635,61148,747,425511
CUST01636,160961,820,1259270
CUST01637,56282,662,207869
CUST01638,64747,744,352309
CUST01639,44089,578,137786
CUST01640,98911,731,208519
CUST01641,77365,731,356508
CUST01642,27973,569,232959
CUST01643,76745,720,271637
CUST01644,62708,677,285967
CUST01645,27131,624,210089
CUST01646,50964,696,204129
CUST01647,25984,544,177358
CUST01648,40042,708,464914
CUST01649,223382,763,625085
CUST01650,56894,737,278715
CUST01651,239851,783,1069836
CUST01652,264985,821,1454856
CUST01653,44614,597,140423
CUST01654,74469,682,421751
CUST01655,91773,702,488631
CUST01656,80501,685,384906
CUST01657,96507,693,456298
CUST01658,143916,824,1201145
CUST01659,80940,707,423958
CUST01660,46455,726,373905
CUST01661,90025,673,373739
CUST01662,68653,694,460682
CUST01663,55608,719,412802
CUST01664,55156,712,374903
CUST01665,26522,591,115878
CUST01666,43253,705,389719
CUST01667,76262,714,454827
CUST01668,57423,675,226888
CUST01669,89553,718,395986
CUST01670,38433,569,184689
CUST01671,71930,654,300300
CUST01672,67679,682,291821
CUST01673,29616,518,176488
CUST01674,36752,610,124664
CUST01675,96725,654,261012
CUST01676,97255,683,213747
CUST01677,81406,743,444084
CUST01678,68926,710,448402
CUST01679,167869,778,685375
CUST01680,88158,711,417284
CUST01681,49533,726,393931
CUST01682,60793,721,428660
CUST01683,94310,695,399697
CUST01684,50195,696,306482
CUST01685,47959,663,493546
CUST01686,86308,723,363312
CUST01687,76620,700,458739
CUST01688,189701,755,965473
CUST01689,76061,730,366845
CUST01690,128606,764,779689
CUST01691,36931,618,174680
CUST01692,37311,509,136452
CUST01693,44797,573,105557
CUST01694,36102,481,232031
CUST01695,92547,708,288141
CUST01696,73966,656,285362
CUST01697,70411,710,315842
CUST01698,63621,715,289528
CUST01699,59381,739,382354
CUST01700,81258,699,425826
CUST01701,26092,494,159140
CUST01702,218412,764,536686
CUST01703,27183,632,163696
CUST01704,270245,755,1321546
CUST01705,41169,703,344604
CUST01706,81669,683,367640
CUST01707,81645,693,475074
CUST01708,96508,652,293439
CUST01709,43566,704,299145
CUST01710,48077,744,338778
CUST01711,44740,662,326763
CUST01712,53994,655,455197
CUST01713,83446,710,426203
CUST01714,217176,791,865054
CUST01715,82805,710,287443
CUST01716,69953,658,490799
CUST01717,55283,668,484143
CUST01718,73361,710,297949
CUST01719,108309,843,961996
CUST01720,232050,817,1188844
CUST01721,35601,589,154586
CUST01722,49424,725,366789
CUST01723,66622,741,486049
CUST01724,80896,724,222327
CUST01725,73091,734,311373
CUST01726,38617,534,113866
CUST01727,42677,731,491829
CUST01728,72762,712,291807
CUST01729,56030,726,273821
CUST01730,33569,490,163780
CUST01731,238614,779,1034355
CUST01732,41663,653,440888
CUST01733,86015,736,334560
CUST01734,38492,486,156795
CUST01735,53694,687,204269
CUST01736,45041,665,323378
CUST01737,91067,733,404903
CUST01738,215124,848,764419
CUST01739,56170,747,449219
CUST01740,40686,526,186331
CUST01741,29866,480,165955
CUST01742,56909,749,339186
CUST01743,58319,700,262927
CUST01744,54464,714,398529
CUST01745,46877,706,466645
CUST01746,103643,845,928552
CUST01747,227741,804,1250323
CUST01748,226833,768,1404951
CUST01749,90202,734,302047
CUST01750,59094,664,321421
CUST01751,87268,713,427547
CUST01752,46710,651,212709
CUST01753,59014,652,313674
CUST01754,90010,738,289403
CUST01755,212588,845,1441368
CUST01756,273522,806,976392
CUST01757,44744,598,140906
CUST01758,264265,804,989096
CUST01759,31560,560,163071
CUST01760,74998,711,435036
CUST01761,232336,751,620607
CUST01762,46175,683,314006
CUST01763,262331,765,938339
CUST01764,38926,496,233896
CUST01765,276159,849,1137702
CUST01766,92215,651,483941
CUST01767,26678,500,217560
CUST01768,28779,619,175035
CUST01769,87140,714,473613
CUST01770,44941,467,241876
CUST01771,42762,562,239346
CUST01772,64521,703,277823
CUST01773,80962,669,276533
CUST01774,74479,707,341695
CUST01775,91795,667,347704
CUST01776,242427,780,710494
CUST01777,71846,681,408985
CUST01778,96247,741,424838
CUST01779,69709,670,268609
CUST01780,263151,819,825153
CUST01781,88879,696,341293
CUST01782,125715,834,613803
CUST01783,83395,660,235783
CUST01784,39987,544,221145
CUST01785,87604,656,418971
CUST01786,92059,650,323351
CUST01787,29407,503,112276
CUST01788,84699,692,438205
CUST01789,96161,744,468225
CUST01790,89624,732,262266
CUST01791,63062,667,449248
CUST01792,26446,569,147023
CUST01793,83788,655,225876
CUST01794,39879,453,205180
CUST01795,61604,679,251736
CUST01796,41005,607,132881
CUST01797,89921,671,321359
CUST01798,72306,702,200260
CUST01799,238145,774,1385536
CUST01800,248311,832,581362
CUST01801,93920,667,429953
CUST01802,70125,744,303988
CUST01803,71715,715,359393
CUST01804,69648,718,246445
CUST01805,32223,632,229640
CUST01806,47276,721,306480
CUST01807,62837,743,322325
CUST01808,78660,654,249773
CUST01809,80744,665,391408
CUST01810,68816,672,496906
CUST01811,81624,720,374192
CUST01812,260538,784,1111172
CUST01813,81749,679,338889
CUST01814,46595,734,315117
CUST01815,85104,704,302538
CUST01816,35289,548,112955
CUST01817,27761,596,152629
CUST01818,41922,661,354128
CUST01819,63127,733,241741
CUST01820,84763,664,424202
CUST01821,83379,721,399040
CUST01822,180149,785,1047498
CUST01823,223550,816,687600
CUST01824,289834,768,755958
CUST01825,53028,743,271795
CUST01826,76133,661,488091
CUST01827,91982,653,269528
CUST01828,98883,742,477887
CUST01829,91215,695,315677
CUST01830,285994,780,984757
CUST01831,56224,653,223297
CUST01832,110674,762,508116
CUST01833,68879,745,326123
CUST01834,42865,662,430677
CUST01835,78501,660,455526
CUST01836,56288,740,368942
CUST01837,31933,459,200993
CUST01838,97334,742,300289
CUST01839,64209,720,287983
CUST01840,32079,494,224993
CUST01841,147711,812,1464275
CUST01842,91077,702,207691
CUST01843,67433,736,349672
CUST01844,80930,672,358061
CUST01845,66002,664,275437
CUST01846,29878,477,150440
CUST01847,160709,829,1412630
CUST01848,59991,733,383043
CUST01849,95403,668,307076
CUST01850,146961,797,842359
CUST01851,46372,682,317362
CUST01852,28364,548,248488
CUST01853,25164,536,148035
CUST01854,141092,815,1439836
CUST01855,83167,662,458872
CUST01856,94290,742,396398
CUST01857,85705,685,419733
CUST01858,234530,792,1044130
CUST01859,77975,727,486579
CUST01860,36934,634,248529
CUST01861,81524,735,296062
CUST01862,78264,708,221010
CUST01863,92187,703,219581
CUST01864,70195,662,346373
CUST01865,27932,457,191331
CUST01866,40906,603,233725
CUST01867,276911,774,549900
CUST01868,87173,737,432449
CUST01869,298814,846,968143
CUST01870,41686,653,349450
CUST01871,173998,819,1187483
CUST01872,85077,721,254493
CUST01873,51311,690,302128
CUST01874,96597,695,213496
CUST01875,284326,818,1079677
CUST01876,28497,516,187847
CUST01877,213212,786,1253124
CUST01878,27540,550,196545
CUST01879,94643,744,317554
CUST01880,243607,756,1294662
CUST01881,30359,626,130384
CUST01882,91084,674,481457
CUST01883,74601,725,274215
CUST01884,43641,734,447129
CUST01885,40459,706,215692
CUST01886,96108,654,306774
CUST01887,199236,799,996369
CUST01888,77514,696,331798
CUST01889,25572,641,113681
CUST01890,69559,743,439989
CUST01891,132216,801,1016356
CUST01892,77915,739,415101
CUST01893,65249,659,262558
CUST01894,51213,676,217081
CUST01895,35282,576,206149
CUST01896,35743,535,146177
CUST01897,41436,579,182618
CUST01898,85092,690,497525
CUST01899,59947,687,465116
CUST01900,88679,719,293676
CUST01901,59535,746,377252
CUST01902,97690,720,229646
CUST01903,77558,668,265543
CUST01904,83393,678,309647
CUST01905,57167,696,246794
CUST01906,78098,718,215714
CUST01907,194575,764,864010
CUST01908,186868,754,1159882
CUST01909,78932,675,452797
CUST01910,75330,672,407868
CUST01911,32970,539,148942
CUST01912,53794,700,305744
CUST01913,289763,793,579569
CUST01914,70561,668,433009
CUST01915,61379,674,443116
CUST01916,79539,707,316655
CUST01917,157650,830,1162092
CUST01918,44713,721,305858
CUST01919,86389,746,288648
CUST01920,58479,701,339164
CUST01921,87674,730,453437
CUST01922,34688,531,190749
CUST01923,70218,736,432906
CUST01924,92633,705,270938
CUST01925,29559,458,180433
CUST01926,59625,660,257247
CUST01927,120799,766,1318140
CUST01928,53438,657,374632
CUST01929,60436,710,359774
CUST01930,81245,721,349582
CUST01931,52648,651,218762
CUST01932,29266,645,223579
CUST01933,78429,709,209844
CUST01934,80851,700,435838
CUST01935,44155,702,252951
CUST01936,44220,705,202610
CUST01937,71909,686,248606
CUST01938,139894,807,1253875
CUST01939,44219,545,227223
CUST01940,34341,604,182077
CUST01941,37608,484,242703
CUST01942,43576,711,452232
CUST01943,31794,581,190014
CUST01944,241287,801,981474
CUST01945,62740,729,260754
CUST01946,90289,741,446841
CUST01947,235915,832,1054519
CUST01948,124780,789,1253819
CUST01949,240537,846,613194
CUST01950,30479,634,102066
CUST01951,45814,672,217839
CUST01952,235581,816,1109596
CUST01953,78415,741,481894
CUST01954,61480,651,284574
CUST01955,248591,762,947600
CUST01956,74469,673,402891
CUST01957,76992,673,386023
CUST01958,53593,726,468110
CUST01959,64987,650,498820
CUST01960,46849,702,387235
CUST01961,69499,711,394232
CUST01962,135539,817,1171419
CUST01963,75246,671,494394
CUST01964,86599,724,388229
CUST01965,84793,722,321494
CUST01966,90268,733,213779
CUST01967,54970,714,453544
CUST01968,42984,604,210414
CUST01969,40489,491,132235
CUST01970,25749,524,164116
CUST01971,63262,749,291577
CUST01972,92678,717,299092
CUST01973,49344,720,417573
CUST01974,37735,569,161535
CUST01975,82508,687,342494
CUST01976,91760,663,362110
CUST01977,81308,709,346174
CUST01978,87458,650,482691
CUST01979,40713,506,140472
CUST01980,63666,655,320068
CUST01981,37554,575,114122
CUST01982,67425,663,316805
CUST01983,33911,484,217576
CUST01984,78184,729,347841
CUST01985,61283,686,379800
CUST01986,91379,688,458916
CUST01987,80544,651,310943
CUST01988,168711,839,834094
CUST01989,28018,492,131649
CUST01990,50897,722,490057
CUST01991,135851,796,834157
CUST01992,80797,735,297388
CUST01993,57132,695,270633
CUST01994,32220,641,196988
CUST01995,85325,714,376288
CUST01996,44522,510,121331
CUST01997,179582,844,552447
CUST01998,37162,463,200524
CUST01999,68776,729,382911
CUST02000,122970,757,557286
CUST02001,28314,458,137824
CUST02002,52762,699,347964
CUST02003,208923,807,1072541
CUST02004,96933,660,204442
CUST02005,84270,722,446528
CUST02006,212166,770,565490
CUST02007,180327,767,944458
CUST02008,62006,650,482071
CUST02009,243108,761,904718
CUST02010,62047,700,296266
CUST02011,36213,511,150592
CUST02012,51870,667,295973
CUST02013,26261,484,105037
CUST02014,25043,560,139175
CUST02015,43475,702,462748
CUST02016,90429,680,264761
CUST02017,87643,670,209161
CUST02018,56094,717,490188
CUST02019,232662,825,1496868
CUST02020,51155,743,286672
CUST02021,57825,741,386910
CUST02022,28285,462,210785
CUST02023,89584,669,359229
CUST02024,195047,782,576090
CUST02025,35559,550,137762
CUST02026,34416,602,139375
CUST02027,141278,843,981670
CUST02028,66217,685,221136
CUST02029,33401,614,236624
CUST02030,65985,681,211305
CUST02031,60053,728,322302
CUST02032,161097,786,1104266
CUST02033,170173,764,714477
CUST02034,299990,762,1053868
CUST02035,85026,655,489673
CUST02036,45727,663,269907
CUST02037,29378,456,106389
CUST02038,42499,658,440033
CUST02039,191115,764,619088
CUST02040,98721,749,364922
CUST02041,70095,665,219127
CUST02042,127541,780,839545
CUST02043,55205,722,447631
CUST02044,49009,732,253428
CUST02045,68112,654,204422
CUST02046,71720,743,243319
CUST02047,44875,680,354244
CUST02048,188127,805,1007437
CUST02049,77887,674,460337
CUST02050,76356,651,471582
CUST02051,61585,700,238591
CUST02052,299305,795,1152531
CUST02053,48414,723,446297
CUST02054,50166,718,338663
CUST02055,229540,782,1120443
CUST02056,25925,597,247597
CUST02057,42474,695,214131
CUST02058,68272,720,326859
CUST02059,118208,789,1234232
CUST02060,53183,724,409818
CUST02061,42559,590,195479
CUST02062,76351,727,447540
CUST02063,60885,709,418547
CUST02064,70260,716,231984
CUST02065,156238,834,1031505
CUST02066,28554,582,145222
CUST02067,269370,845,924844
CUST02068,71186,715,358451
CUST02069,52613,663,412026
CUST02070,131531,829,1223111
CUST02071,71522,732,486885
CUST02072,259605,828,832549
CUST02073,62900,695,410984
CUST02074,223597,799,972902
CUST02075,44715,605,239185
CUST02076,45707,720,202367
CUST02077,177734,771,1231073
CUST02078,51980,723,340591
CUST02079,69368,661,438877
CUST02080,54196,745,261133
CUST02081,79182,747,292805
CUST02082,91351,684,491407
CUST02083,182013,817,779153
CUST02084,170835,801,1294496
CUST02085,96227,714,231021
CUST02086,78019,733,380944
CUST02087,69275,662,248921
CUST02088,29013,551,213578
CUST02089,112606,815,1104019
CUST02090,243744,772,846440
CUST02091,29927,473,164059
CUST02092,213921,824,1397568
CUST02093,59975,682,483648
CUST02094,66456,674,496123
CUST02095,49975,747,469926
CUST02096,85117,745,436718
CUST02097,55187,664,471788
CUST02098,75421,706,275805
CUST02099,60389,680,441200
CUST02100,37803,551,140302
CUST02101,51322,742,490116
CUST02102,199789,816,1209668
CUST02103,68531,699,386250
CUST02104,87094,658,205186
CUST02105,42802,652,461814
CUST02106,42463,475,140379
CUST02107,284374,821,719766
CUST02108,38726,647,101759
CUST02109,98971,704,239860
CUST02110,40730,695,277757
CUST02111,82855,714,457129
CUST02112,42055,584,224555
CUST02113,43853,540,131669
CUST02114,78096,706,340391
CUST02115,258933,813,678515
CUST02116,25435,641,116922
CUST02117,55424,730,498107
CUST02118,165767,762,1420945
CUST02119,53665,742,429906
CUST02120,93337,724,265769
CUST02121,194819,796,1424696
CUST02122,25650,548,115328
CUST02123,69428,657,393615
CUST02124,68911,731,377902
CUST02125,81492,694,360149
CUST02126,44304,745,213575
CUST02127,80458,665,484851
CUST02128,59293,673,442849
CUST02129,159301,757,500341
CUST02130,207681,838,1064852
CUST02131,66309,670,399976
CUST02132,292302,832,1129278
CUST02133,30272,538,200268
CUST02134,90606,657,315842
CUST02135,178518,847,1310720
CUST02136,73673,686,362397
CUST02137,93317,736,431787
CUST02138,85892,697,302262
CUST02139,88077,687,305468
CUST02140,40761,698,205991
CUST02141,255975,753,664316
CUST02142,161790,831,1130070
CUST02143,82826,707,417112
CUST02144,90614,733,449310
CUST02145,39705,561,143542
CUST02146,62703,732,382509
CUST02147,95212,712,359213
CUST02148,53082,708,303419
CUST02149,97054,708,265495
CUST02150,95903,673,341078
CUST02151,55414,739,472021
CUST02152,42876,475,135601
CUST02153,46473,745,375452
CUST02154,33217,625,175175
CUST02155,28599,593,120651
CUST02156,39000,554,200214
CUST02157,38403,592,157781
CUST02158,86387,699,218205
CUST02159,29675,578,154224
CUST02160,93429,720,232564
CUST02161,202244,826,1034026
CUST02162,196025,817,1156141
CUST02163,113454,818,748808
CUST02164,45360,659,231065
CUST02165,281838,835,578452
CUST02166,63592,679,419978
CUST02167,40643,698,288731
CUST02168,43413,632,192278
CUST02169,42564,523,147506
CUST02170,66293,686,208015
CUST02171,191475,803,1365628
CUST02172,67274,696,438335
CUST02173,36585,523,190702
CUST02174,89236,667,481957
CUST02175,94592,675,386276
CUST02176,93036,658,400007
CUST02177,46707,712,414930
CUST02178,69610,660,417906
CUST02179,68113,720,365617
CUST02180,39164,483,154749
CUST02181,70457,702,442140
CUST02182,70719,678,285495
CUST02183,83333,729,210886
CUST02184,65596,709,429246
CUST02185,289395,760,1112629
CUST02186,199034,843,821601
CUST02187,289120,846,949206
CUST02188,86268,743,245442
CUST02189,57093,737,492685
CUST02190,45647,705,410535
CUST02191,46458,733,402042
CUST02192,93443,736,212641
CUST02193,58241,741,407004
CUST02194,97140,700,400621
CUST02195,68733,714,281954
CUST02196,46709,735,307239
CUST02197,84663,724,334813
CUST02198,79781,710,478148
CUST02199,57723,670,407786
CUST02200,41760,681,227436
CUST02201,93481,724,257210
CUST02202,95799,699,412133
CUST02203,67627,729,447139
CUST02204,95262,685,414151
CUST02205,44044,538,125118
CUST02206,105142,785,1266653
CUST02207,86959,656,321505
CUST02208,37802,625,245429
CUST02209,43110,677,434911
CUST02210,70625,690,223314
CUST02211,61806,737,357490
CUST02212,43599,749,262652
CUST02213,90753,735,337842
CUST02214,68274,682,243338
CUST02215,289167,828,862278
CUST02216,35752,526,237473
CUST02217,49563,696,245570
CUST02218,28218,483,145356
CUST02219,37860,554,221123
CUST02220,42540,695,297914
CUST02221,87791,688,221825
CUST02222,192496,774,1036769
CUST02223,86143,699,269391
CUST02224,34506,636,144722
CUST02225,67001,682,464907
CUST02226,240408,837,818044
CUST02227,69886,693,228000
CUST02228,43114,651,331471
CUST02229,34572,563,246604
CUST02230,262697,755,1190848
CUST02231,56050,745,245733
CUST02232,213301,810,542046
CUST02233,91898,701,306618
CUST02234,36912,481,185055
CUST02235,85221,668,203900
CUST02236,294042,836,1257089
CUST02237,276037,835,1327423
CUST02238,47686,747,332618
CUST02239,49067,696,364331
CUST02240,173702,805,668543
CUST02241,241100,764,1151162
CUST02242,46342,677,232928
CUST02243,28347,635,170308
CUST02244,36446,639,141338
CUST02245,51929,664,280279
CUST02246,59594,748,468193
CUST02247,55394,716,490264
CUST02248,81982,667,227824
CUST02249,29429,489,216945
CUST02250,94867,688,244077
CUST02251,31786,560,225773
CUST02252,51908,668,467243
CUST02253,122655,785,1147622
CUST02254,50405,717,470518
CUST02255,68126,680,299880
CUST02256,173564,776,626188
CUST02257,76844,738,215001
CUST02258,48370,732,359597
CUST02259,80389,749,322647
CUST02260,33970,644,206748
CUST02261,270966,848,1175799
CUST02262,75460,653,203416
CUST02263,46356,650,435508
CUST02264,124866,762,1422112
CUST02265,89660,718,466267
CUST02266,46001,658,414365
CUST02267,103095,779,568967
CUST02268,58364,746,391907
CUST02269,27248,531,247278
CUST02270,288272,824,1160710
CUST02271,35347,612,129016
CUST02272,46471,709,305587
CUST02273,49492,668,288141
CUST02274,28144,500,245853
CUST02275,50851,669,242548
CUST02276,59984,715,344799
CUST02277,49495,701,255140
CUST02278,134412,751,520580
CUST02279,66447,655,497657
CUST02280,129688,776,1087207
CUST02281,51382,685,354752
CUST02282,191009,800,904513
CUST02283,94446,744,220771
CUST02284,30387,458,198838
CUST02285,73287,749,297650
CUST02286,81823,697,470060
CUST02287,235960,821,1273230
CUST02288,67681,725,257872
CUST02289,95991,745,367009
CUST02290,88109,737,282615
CUST02291,91534,656,298381
CUST02292,242807,765,935419
CUST02293,41348,722,439896
CUST02294,47247,709,357962
CUST02295,58916,685,330212
CUST02296,97747,700,480711
CUST02297,212398,817,1023814
CUST02298,137045,764,1137388
CUST02299,94143,701,242601
CUST02300,64740,669,439274
CUST02301,38829,649,221093
CUST02302,98278,658,281843
CUST02303,140702,794,1252299
CUST02304,175138,792,689244
CUST02305,74973,706,471198
CUST02306,56358,727,392924
CUST02307,92345,726,485407
CUST02308,48139,705,451234
CUST02309,25151,526,192403
CUST02310,42275,534,190170
CUST02311,93390,746,247600
CUST02312,36508,463,172375
CUST02313,29727,481,249400
CUST02314,46016,728,481910
CUST02315,39677,458,196769
CUST02316,94023,690,257505
CUST02317,96197,692,203720
CUST02318,142393,802,577778
CUST02319,41640,460,238983
CUST02320,25927,461,206834
CUST02321,27941,611,195021
CUST02322,71716,670,402107
CUST02323,25699,632,201727
CUST02324,39906,456,183756
CUST02325,67106,684,439846
CUST02326,62801,673,461502
CUST02327,197831,787,898877
CUST02328,29046,524,245216
CUST02329,44147,478,214441
CUST02330,68664,712,492738
CUST02331,36164,612,135524
CUST02332,79622,747,296735
CUST02333,35124,517,229710
CUST02334,156704,849,1268718
CUST02335,33564,541,206211
CUST02336,35946,569,164393
CUST02337,63726,695,497502
CUST02338,52814,746,406029
CUST02339,32084,455,195480
CUST02340,96932,693,400851
CUST02341,170427,752,1297228
CUST02342,31738,510,174377
CUST02343,40913,589,235863
CUST02344,41993,616,171761
CUST02345,32808,626,120562
CUST02346,86385,709,313178
CUST02347,46610,687,402030
CUST02348,82165,748,458199
CUST02349,64030,718,391985
CUST02350,101383,776,685256
CUST02351,59931,724,217153
CUST02352,110387,802,1002313
CUST02353,94686,661,402344
CUST02354,94228,709,478805
CUST02355,94403,702,238480
CUST02356,39655,635,218040
CUST02357,82749,683,245010
CUST02358,98721,734,421786
CUST02359,96461,729,395188
CUST02360,62411,730,221916
CUST02361,47698,703,217546
CUST02362,41137,627,193008
CUST02363,75906,704,438368
CUST02364,88251,651,306590
CUST02365,77764,699,440227
CUST02366,92373,720,322184
CUST02367,86729,691,218546
CUST02368,61580,659,219405
CUST02369,142583,815,945454
CUST02370,88642,660,250770
CUST02371,78376,727,321263
CUST02372,31153,493,164136
CUST02373,44793,677,237313
CUST02374,278193,839,1212026
CUST02375,97717,677,414410
CUST02376,70562,668,395802
CUST02377,28002,568,203627
CUST02378,45564,739,385569
CUST02379,53893,725,370836
CUST02380,51064,677,216175
CUST02381,221598,764,689339
CUST02382,78103,715,481933
CUST02383,64999,689,342718
CUST02384,44150,550,249189
CUST02385,90671,650,204746
CUST02386,173735,774,1363632
CUST02387,75095,716,220083
CUST02388,158649,822,1462131
CUST02389,43459,678,435052
CUST02390,67746,747,342828
CUST02391,94668,710,399784
CUST02392,40124,503,159136
CUST02393,89497,734,424081
CUST02394,38453,502,131588
CUST02395,46265,731,479421
CUST02396,92021,680,454983
CUST02397,30836,456,245960
CUST02398,158263,815,1202337
CUST02399,55854,707,467660
CUST02400,68852,745,211583
CUST02401,54624,724,387928
CUST02402,83325,684,422410
CUST02403,86091,694,454205
CUST02404,65551,691,496118
CUST02405,98365,698,247519
CUST02406,47608,684,262180
CUST02407,253749,751,577295
CUST02408,58204,737,302432
CUST02409,94325,705,476457
CUST02410,49504,721,240617
CUST02411,85348,670,391328
CUST02412,86959,674,269833
CUST02413,91983,703,351258
CUST02414,28485,545,247486
CUST02415,28483,591,164942
CUST02416,41663,717,493544
CUST02417,76879,687,244109
CUST02418,58840,695,406036
CUST02419,53593,735,355089
CUST02420,158830,809,1087693
CUST02421,48160,717,382379
CUST02422,234125,802,926589
CUST02423,84779,731,253864
CUST02424,48183,656,498423
CUST02425,77304,719,349030
CUST02426,232437,772,889858
CUST02427,25798,457,245348
CUST02428,86744,716,305234
CUST02429,96886,663,381740
CUST02430,60956,699,286379
CUST02431,31535,585,226194
CUST02432,88733,700,449320
CUST02433,61323,672,358186
CUST02434,96964,726,254836
CUST02435,59995,740,371868
CUST02436,86509,690,238113
CUST02437,72730,670,343083
CUST02438,125895,798,544278
CUST02439,161734,825,1435076
CUST02440,83218,710,467420
CUST02441,98708,736,472928
CUST02442,55112,675,406235
CUST02443,53333,682,284593
CUST02444,59845,674,449498
CUST02445,40322,676,343737
CUST02446,90616,671,487772
CUST02447,279943,811,686895
CUST02448,80242,698,382852
CUST02449,38213,610,125604
CUST02450,52288,747,436716
CUST02451,31586,581,101152
CUST02452,98769,737,222821
CUST02453,85988,711,304553
CUST02454,165297,805,1060111
CUST02455,287619,780,1070374
CUST02456,41458,708,474802
CUST02457,32005,580,230651
CUST02458,54190,692,479193
CUST02459,225755,822,1284521
CUST02460,25847,479,219958
CUST02461,39286,504,201802
CUST02462,78240,653,344448
CUST02463,28071,537,210506
CUST02464,49963,690,384581
CUST02465,79519,711,360442
CUST02466,77894,749,473325
CUST02467,41279,554,185007
CUST02468,282590,827,1347586
CUST02469,175690,786,819200
CUST02470,38531,612,157862
CUST02471,57632,740,496908
CUST02472,36467,460,107207
CUST02473,43942,652,413725
CUST02474,58601,686,309638
CUST02475,81952,674,491034
CUST02476,44917,727,458556
CUST02477,41368,611,233556
CUST02478,254634,792,766912
CUST02479,79112,701,209541
CUST02480,162984,811,846378
CUST02481,86678,689,325441
CUST02482,69679,744,492188
CUST02483,97729,660,229075
CUST02484,38271,593,173357
CUST02485,105652,839,1311729
CUST02486,85672,670,493208
CUST02487,92273,715,345041
CUST02488,156434,843,1062842
CUST02489,41388,721,438508
CUST02490,65092,668,322717
CUST02491,33939,520,243094
CUST02492,79721,746,255592
CUST02493,52116,728,252691
CUST02494,34830,500,163399
CUST02495,70701,743,350611
CUST02496,60107,742,258459
CUST02497,54288,678,303925
CUST02498,37808,637,123297
CUST02499,28673,621,100361
CUST02500,189085,799,949089
CUST02501,298087,803,944828
CUST02502,34621,483,159707
CUST02503,29604,649,195805
CUST02504,229154,800,663707
CUST02505,36203,473,171266
CUST02506,79432,695,241131
CUST02507,38940,611,199844
CUST02508,49610,697,274262
CUST02509,223453,812,673418
CUST02510,84865,651,354369
CUST02511,107855,783,1061431
CUST02512,76270,666,466617
CUST02513,80583,681,278691
CUST02514,54417,739,361738
CUST02515,63701,650,201638
CUST02516,52647,678,324679
CUST02517,31447,532,130144
CUST02518,84573,690,310158
CUST02519,210846,754,754957
CUST02520,51942,670,480047
CUST02521,60480,676,346391
CUST02522,287728,759,884409
CUST02523,51974,700,316257
CUST02524,41037,485,173927
CUST02525,76571,690,450803
CUST02526,98323,689,284894
CUST02527,53199,701,232932
CUST02528,71535,653,310073
CUST02529,85203,674,462729
CUST02530,88763,719,435730
CUST02531,146240,808,562159
CUST02532,86776,688,280570
CUST02533,123827,795,502516
CUST02534,63687,669,471843
CUST02535,70715,657,472772
CUST02536,60168,716,254785
CUST02537,34288,453,191737
CUST02538,194733,819,651962
CUST02539,41293,638,235196
CUST02540,179759,833,1227912
CUST02541,71005,659,329010
CUST02542,226446,829,1052292
CUST02543,54925,689,321263
CUST02544,86543,725,437900
CUST02545,34278,616,209913
CUST02546,33096,462,115683
CUST02547,87275,715,205135
CUST02548,66392,732,462324
CUST02549,150004,769,785588
CUST02550,44133,465,111979
CUST02551,230752,786,1016146
CUST02552,32201,603,203601
CUST02553,48359,668,428551
CUST02554,278699,754,708040
CUST02555,45461,722,279302
CUST02556,80537,705,442228
CUST02557,27557,642,164426
CUST02558,52418,672,328287
CUST02559,45045,705,471849
CUST02560,62530,744,337073
CUST02561,110617,766,1432394
CUST02562,270770,807,849075
CUST02563,75823,746,490160
CUST02564,28160,524,232281
CUST02565,39731,546,133765
CUST02566,86108,720,358112
CUST02567,64137,748,424706
CUST02568,67961,693,396002
CUST02569,34475,616,108983
CUST02570,43223,587,206852
CUST02571,54969,654,403269
CUST02572,44377,658,224266
CUST02573,52721,666,332786
CUST02574,97018,674,380144
CUST02575,74822,693,342824
CUST02576,36068,532,144650
CUST02577,88735,683,455025
CUST02578,64120,736,215012
CUST02579,66775,714,394495
CUST02580,95064,726,431527
CUST02581,83545,691,261988
CUST02582,77097,701,489947
CUST02583,165807,785,1173976
CUST02584,128225,804,1042424
CUST02585,52325,690,377853
CUST02586,66167,727,447059
CUST02587,46279,688,408253
CUST02588,58242,659,254499
CUST02589,64183,698,241395
CUST02590,54251,717,328287
CUST02591,26313,602,149961
CUST02592,60130,734,355767
CUST02593,91147,729,409386
CUST02594,81085,694,488568
CUST02595,55753,680,432910
CUST02596,274185,790,543440
CUST02597,280908,838,686294
CUST02598,72497,654,346600
CUST02599,37160,575,203507
CUST02600,89398,685,432973
CUST02601,92232,710,221920
CUST02602,89774,712,405857
CUST02603,78311,696,376627
CUST02604,67308,717,319008
CUST02605,55411,722,373361
CUST02606,57550,741,359049
CUST02607,53872,673,437868
CUST02608,43036,579,104907
CUST02609,34468,627,179369
CUST02610,86193,720,225852
CUST02611,91607,683,371303
CUST02612,83213,650,363789
CUST02613,287423,810,857897
CUST02614,29595,464,147437
CUST02615,55192,665,373160
CUST02616,46537,686,365763
CUST02617,268686,780,1026027
CUST02618,82733,654,270007
CUST02619,60683,707,247983
CUST02620,25046,486,235420
CUST02621,80324,711,399753
CUST02622,82254,688,495753
CUST02623,62507,690,428879
CUST02624,127199,817,1353100
CUST02625,43530,534,104447
CUST02626,43544,504,248879
CUST02627,68642,725,318499
CUST02628,42624,736,360912
CUST02629,36319,639,186758
CUST02630,143044,796,1372367
CUST02631,61812,739,315514
CUST02632,66757,681,259606
CUST02633,58881,698,410199
CUST02634,41004,700,213339
CUST02635,41013,604,163672
CUST02636,84146,671,284807
CUST02637,27214,488,205158
CUST02638,65640,682,318004
CUST02639,79673,730,237646
CUST02640,79666,717,461296
CUST02641,71097,654,271041
CUST02642,86999,659,362654
CUST02643,66228,745,413939
CUST02644,94994,687,393931
CUST02645,72341,664,474842
CUST02646,64401,714,372354
CUST02647,41213,493,103494
CUST02648,65510,722,396034
CUST02649,66468,705,436831
CUST02650,40017,558,192434
CUST02651,45695,651,474788
CUST02652,272206,833,1079163
CUST02653,65768,663,214452
CUST02654,74621,672,256514
CUST02655,244656,795,824830
CUST02656,47833,727,444231
CUST02657,135793,777,1455660
CUST02658,43784,722,272645
CUST02659,53155,725,207231
CUST02660,40552,657,362278
CUST02661,78791,702,316155
CUST02662,63050,700,277764
CUST02663,67872,666,327211
CUST02664,85672,705,230293
CUST02665,102416,777,1289630
CUST02666,50962,742,234929
CUST02667,80996,667,467094
CUST02668,59608,696,460977
CUST02669,29532,489,157527
CUST02670,53907,744,456291
CUST02671,87580,713,375094
CUST02672,40308,591,183240
CUST02673,43109,736,272995
CUST02674,49796,722,365309
CUST02675,34844,528,101649
CUST02676,39984,548,118758
CUST02677,168329,821,1093349
CUST02678,64090,678,402631
CUST02679,118881,767,706735
CUST02680,94120,735,484313
CUST02681,160775,770,678893
CUST02682,39391,547,109853
CUST02683,38424,498,227445
CUST02684,224790,756,962978
CUST02685,85612,666,248106
CUST02686,70740,711,494552
CUST02687,143938,770,1092070
CUST02688,239547,849,553039
CUST02689,75816,653,265184
CUST02690,56762,693,409562
CUST02691,67942,749,369703
CUST02692,25963,562,232548
CUST02693,44603,530,242944
CUST02694,42617,660,323155
CUST02695,33037,632,169272
CUST02696,78834,690,440294
CUST02697,68395,696,379911
CUST02698,44173,629,150894
CUST02699,77540,711,389349
CUST02700,61589,654,357997
CUST02701,78673,749,372718
CUST02702,89233,654,371079
CUST02703,31576,565,122305
CUST02704,100798,753,757914
CUST02705,93010,699,373265
CUST02706,245462,758,943599
CUST02707,86857,674,392075
CUST02708,54365,660,369918
CUST02709,55683,729,449028
CUST02710,115029,820,882506
CUST02711,75965,717,358542
CUST02712,47151,704,488910
CUST02713,66457,666,229856
CUST02714,181696,753,803600
CUST02715,131453,789,1318074
CUST02716,69766,709,373372
CUST02717,43229,720,313378
CUST02718,208725,847,1098731
CUST02719,63358,663,421846
CUST02720,39139,571,153642
CUST02721,61515,673,336819
CUST02722,28985,648,235362
CUST02723,50472,715,381666
CUST02724,60989,677,237890
CUST02725,25449,604,141780
CUST02726,86116,716,291021
CUST02727,108351,781,585772
CUST02728,111033,790,1412524
CUST02729,71009,664,314291
CUST02730,177430,786,1388150
CUST02731,154874,827,1303747
CUST02732,77590,746,213785
CUST02733,63640,660,452123
CUST02734,43351,525,211698
CUST02735,63873,728,235864
CUST02736,83459,691,361072
CUST02737,34472,451,244843
CUST02738,81066,654,343907
CUST02739,163810,812,587045
CUST02740,42241,712,209399
CUST02741,44470,451,115895
CUST02742,87400,691,475321
CUST02743,92390,698,256804
CUST02744,42037,706,225364
CUST02745,48279,719,430890
CUST02746,98566,704,486681
CUST02747,40057,661,331820
CUST02748,38114,476,158420
CUST02749,104522,773,899431
CUST02750,247157,833,729628
CUST02751,234862,796,1232675
CUST02752,95247,681,305861
CUST02753,155696,810,784327
CUST02754,72428,701,495816
CUST02755,79187,675,348940
CUST02756,239448,784,1115031
CUST02757,30833,496,203126
CUST02758,28463,523,220281
CUST02759,42196,743,484554
CUST02760,244276,817,822415
CUST02761,96344,689,207287
CUST02762,75733,709,280052
CUST02763,65332,689,217477
CUST02764,74780,735,466757
CUST02765,263696,785,675784
CUST02766,94814,651,436031
CUST02767,297324,755,593420
CUST02768,96044,685,389749
CUST02769,87240,726,224692
CUST02770,48082,668,201517
CUST02771,92038,710,321926
CUST02772,115744,827,1097867
CUST02773,57271,717,215881
CUST02774,62136,715,441184
CUST02775,88445,711,281292
CUST02776,84549,709,355285
CUST02777,63316,670,446302
CUST02778,42381,462,249202
CUST02779,42353,707,351132
CUST02780,90466,684,401265
CUST02781,175495,807,809317
CUST02782,73310,703,285096
CUST02783,28989,463,164117
CUST02784,224748,762,519159
CUST02785,210669,766,707137
CUST02786,70279,693,391797
CUST02787,29019,529,107416
CUST02788,46122,739,354604
CUST02789,81003,651,210522
CUST02790,160644,841,1494866
CUST02791,201904,839,968875
CUST02792,63346,749,462578
CUST02793,35081,517,234390
CUST02794,31245,533,163840
CUST02795,95945,679,266886
CUST02796,61668,678,303376
CUST02797,67981,742,221968
CUST02798,74034,695,237243
CUST02799,91221,736,452324
CUST02800,40897,594,233618
CUST02801,38555,525,204713
CUST02802,83854,730,420812
CUST02803,85608,687,410506
CUST02804,57527,726,323823
CUST02805,73241,650,474118
CUST02806,41597,639,222716
CUST02807,34583,569,178490
CUST02808,86052,748,208718
CUST02809,240606,798,1405557
CUST02810,58368,735,265813
CUST02811,45754,676,468295
CUST02812,283206,825,985696
CUST02813,39563,519,126384
CUST02814,45313,739,230142
CUST02815,96619,658,228778
CUST02816,37739,475,247428
CUST02817,128376,843,621680
CUST02818,74898,656,469628
CUST02819,76029,670,294712
CUST02820,55054,749,319652
CUST02821,59746,679,204879
CUST02822,96451,653,481493
CUST02823,43881,491,124881
CUST02824,67949,737,494584
CUST02825,89805,710,493044
CUST02826,85275,679,360202
CUST02827,95031,681,372618
CUST02828,139041,824,650887
CUST02829,78467,678,405276
CUST02830,236037,836,699241
CUST02831,39922,581,233241
CUST02832,44724,550,148202
CUST02833,46600,744,373282
CUST02834,273212,837,866917
CUST02835,95671,673,457178
CUST02836,77716,663,496716
CUST02837,70113,664,354519
CUST02838,297909,845,1300810
CUST02839,58874,686,282299
CUST02840,25706,512,111759
CUST02841,95654,684,238983
CUST02842,75573,718,459435
CUST02843,59112,657,371122
CUST02844,53197,663,368387
CUST02845,46789,653,204819
CUST02846,40777,603,213630
CUST02847,57403,653,468276
CUST02848,59605,741,497114
CUST02849,77162,650,283563
CUST02850,273595,833,847194
CUST02851,116507,761,1281331
CUST02852,192505,787,1388728
CUST02853,116555,764,1447330
CUST02854,69911,658,310646
CUST02855,85339,722,309329
CUST02856,65508,744,352687
CUST02857,173137,835,1372652
CUST02858,37423,562,184978
CUST02859,56436,728,344628
CUST02860,222313,772,512037
CUST02861,47555,742,225739
CUST02862,97460,710,266833
CUST02863,66318,739,461964
CUST02864,45070,731,427013
CUST02865,31149,580,122319
CUST02866,62212,687,221441
CUST02867,149976,802,833601
CUST02868,84855,684,482943
CUST02869,281144,777,650987
CUST02870,44437,732,229234
CUST02871,43131,476,131682
CUST02872,55627,713,473021
CUST02873,85836,717,425637
CUST02874,58884,706,400978
CUST02875,51974,674,201176
CUST02876,50320,707,445937
CUST02877,82546,731,284293
CUST02878,44969,494,157775
CUST02879,95262,728,435232
CUST02880,65944,662,427208
CUST02881,77708,725,241157
CUST02882,148074,750,614601
CUST02883,68698,746,394569
CUST02884,49881,679,245687
CUST02885,36463,548,159818
CUST02886,58908,651,272323
CUST02887,108342,845,776164
CUST02888,44081,481,115428
CUST02889,67721,727,364120
CUST02890,48565,671,294136
CUST02891,253832,833,801900
CUST02892,130304,779,804935
CUST02893,73437,675,404773
CUST02894,47077,665,444966
CUST02895,76101,682,337318
CUST02896,181715,755,1376697
CUST02897,29527,463,244615
CUST02898,92381,685,259661
CUST02899,82885,690,495775
CUST02900,33405,473,198476
CUST02901,48339,687,226583
CUST02902,109018,826,614380
CUST02903,108328,819,792985
CUST02904,42669,713,253721
CUST02905,78101,652,228866
CUST02906,203707,825,1057855
CUST02907,67901,688,398970
CUST02908,163966,783,1486493
CUST02909,29402,461,222956
CUST02910,205937,800,1452529
CUST02911,40154,712,270204
CUST02912,61954,664,353725
CUST02913,59361,699,388075
CUST02914,128454,826,1360833
CUST02915,79616,705,431459
CUST02916,36192,458,119305
CUST02917,32998,627,204532
CUST02918,36026,612,116918
CUST02919,62296,656,388040
CUST02920,50912,676,405900
CUST02921,34247,561,128984
CUST02922,88114,675,282655
CUST02923,89697,657,491443
CUST02924,30629,625,131503
CUST02925,46917,669,341016
CUST02926,116234,822,630589
CUST02927,75078,739,425789
CUST02928,97046,731,273238
CUST02929,69737,737,280768
CUST02930,73171,654,236555
CUST02931,91384,745,464229
CUST02932,257246,783,975314
CUST02933,46009,694,248677
CUST02934,31102,573,179287
CUST02935,244143,777,1117197
CUST02936,47038,693,452660
CUST02937,90499,707,498283
CUST02938,80205,722,241740
CUST02939,71500,682,446865
CUST02940,50670,707,374082
CUST02941,70030,690,344668
CUST02942,38238,607,197409
CUST02943,218251,806,1259701
CUST02944,115174,767,752867
CUST02945,66156,681,461358
CUST02946,35207,468,120265
CUST02947,46731,727,308226
CUST02948,178223,762,809675
CUST02949,55193,682,396754
CUST02950,40682,521,206899
CUST02951,247562,818,1434283
CUST02952,39389,484,191485
CUST02953,28867,533,122266
CUST02954,37391,632,164790
CUST02955,92058,719,442099
CUST02956,66506,680,398829
CUST02957,44735,695,391642
CUST02958,40720,672,363486
CUST02959,110000,813,1432506
CUST02960,280757,850,1099884
CUST02961,45445,667,328741
CUST02962,48438,735,214012
CUST02963,37178,475,204925
CUST02964,77354,673,221792
CUST02965,49839,724,374964
CUST02966,36714,612,195924
CUST02967,62228,742,458087
CUST02968,67222,708,223487
CUST02969,89454,697,349985
CUST02970,92807,746,229563
CUST02971,59402,659,319854
CUST02972,90151,691,213350
CUST02973,159256,776,669121
CUST02974,55757,702,386706
CUST02975,26689,507,195868
CUST02976,89770,677,369104
CUST02977,77171,734,394927
CUST02978,81253,663,254516
CUST02979,65672,691,365834
CUST02980,87386,668,334513
CUST02981,98524,733,211993
CUST02982,169700,816,1332233
CUST02983,59698,704,417187
CUST02984,256382,822,1105651
CUST02985,41285,721,233715
CUST02986,70201,719,390373
CUST02987,77568,740,329297
CUST02988,54005,705,345849
CUST02989,66133,698,463463
CUST02990,207367,821,528861
CUST02991,70270,672,464650
CUST02992,71978,660,314996
CUST02993,67414,682,424268
CUST02994,32368,525,123637
CUST02995,63984,689,489225
CUST02996,52398,717,224446
CUST02997,50973,715,251736
CUST02998,80273,744,286976
CUST02999,46078,738,365851
CUST03000,57630,697,406782
CUST03001,52566,687,224412
CUST03002,61018,719,313749
CUST03003,31528,499,210224
CUST03004,214311,808,1065985
CUST03005,89776,666,275673
CUST03006,85964,707,240415
CUST03007,53230,667,484899
CUST03008,71476,687,206494
CUST03009,56935,667,372093
CUST03010,247104,787,630479
CUST03011,74323,651,349998
CUST03012,44865,682,490530
CUST03013,87664,733,363242
CUST03014,79277,732,423037
CUST03015,28928,470,177632
CUST03016,75358,697,252877
CUST03017,52919,748,388723
CUST03018,70514,676,288705
CUST03019,64893,748,336867
CUST03020,97094,699,445617
CUST03021,42639,571,112151
CUST03022,27848,558,106822
CUST03023,50565,735,311281
CUST03024,25604,504,133223
CUST03025,224035,773,1096594
CUST03026,84990,718,372713
CUST03027,73585,749,429531
CUST03028,37980,565,220670
CUST03029,57790,733,484549
CUST03030,66948,721,327097
CUST03031,30026,465,127856
CUST03032,76742,650,321102
CUST03033,98995,731,292010
CUST03034,33315,536,103636
CUST03035,46333,706,339550
CUST03036,83609,742,274139
CUST03037,64687,692,418563
CUST03038,89121,676,392729
CUST03039,37199,642,131623
CUST03040,246191,778,1251344
CUST03041,34210,628,139979
CUST03042,241419,837,615134
CUST03043,57879,719,481043
CUST03044,31315,557,211821
CUST03045,57022,724,420680
CUST03046,59783,738,218324
CUST03047,59400,703,238578
CUST03048,239231,760,673266
CUST03049,283679,767,1147706
CUST03050,64501,681,421109
CUST03051,36197,631,203645
CUST03052,98777,650,323034
CUST03053,83463,654,341565
CUST03054,87428,684,214092
CUST03055,92680,705,321439
CUST03056,30713,568,238084
CUST03057,56007,700,349176
CUST03058,72656,690,360089
CUST03059,86469,654,247200
CUST03060,247581,796,816562
CUST03061,33108,574,173802
CUST03062,239068,771,1393515
CUST03063,85949,662,497476
CUST03064,77498,681,427230
CUST03065,73129,716,416372
CUST03066,66323,741,200352
CUST03067,31793,577,229340
CUST03068,68830,713,296883
CUST03069,182082,771,776588
CUST03070,53440,723,215495
CUST03071,39131,483,130956
CUST03072,168994,763,786384
CUST03073,80180,697,264901
CUST03074,86318,653,322421
CUST03075,92017,740,440553
CUST03076,28009,605,120510
CUST03077,263758,803,899242
CUST03078,296376,840,709825
CUST03079,144726,815,1345168
CUST03080,44142,706,432818
CUST03081,94043,661,333922
CUST03082,30944,522,225730
CUST03083,43846,581,231411
CUST03084,30704,493,168846
CUST03085,52874,746,396967
CUST03086,75757,666,212180
CUST03087,87198,711,311407
CUST03088,48779,737,260631
CUST03089,38316,525,111951
CUST03090,48520,744,256634
CUST03091,58687,691,285608
CUST03092,91656,690,351051
CUST03093,44447,522,219783
CUST03094,37468,450,185117
CUST03095,75465,735,269872
CUST03096,198347,788,1243490
CUST03097,89726,708,442725
CUST03098,54984,665,461127
CUST03099,186245,750,904623
CUST03100,125465,791,626884
CUST03101,27038,565,179691
CUST03102,94738,666,215033
CUST03103,166614,827,1354628
CUST03104,74615,704,432937
CUST03105,270655,754,1350190
CUST03106,46126,688,377176
CUST03107,36448,557,168052
CUST03108,74144,692,346883
CUST03109,93070,724,481329
CUST03110,33442,601,115605
CUST03111,294878,839,815795
CUST03112,25748,579,108638
CUST03113,65968,674,370312
CUST03114,43548,748,290288
CUST03115,68109,675,214621
CUST03116,233410,794,782505
CUST03117,93810,682,488430
CUST03118,36626,626,105517
CUST03119,59316,708,402351
CUST03120,73513,697,394137
CUST03121,94580,657,228747
CUST03122,42670,551,176700
CUST03123,40016,497,236002
CUST03124,61901,730,303455
CUST03125,65009,745,252933
CUST03126,52703,696,373219
CUST03127,40400,466,202822
CUST03128,65867,735,296576
CUST03129,47848,688,365382
CUST03130,86212,661,241146
CUST03131,54993,688,472452
CUST03132,39190,641,233162
CUST03133,124292,781,1283905
CUST03134,52287,651,369560
CUST03135,94014,674,291660
CUST03136,96377,707,252152
CUST03137,92985,748,498014
CUST03138,64974,748,218409
CUST03139,41798,541,190514
CUST03140,50393,664,356662
CUST03141,68707,708,279433
CUST03142,33739,494,199710
CUST03143,53836,673,311930
CUST03144,83460,721,420376
CUST03145,34904,501,193321
CUST03146,89330,714,396148
CUST03147,199180,843,751672
CUST03148,72423,730,331957
CUST03149,78330,658,306967
CUST03150,61762,694,401268
CUST03151,84025,690,479316
CUST03152,45313,733,240095
CUST03153,96532,731,316080
CUST03154,41088,650,281884
CUST03155,77056,719,232250
CUST03156,50273,666,472731
CUST03157,92203,728,489082
CUST03158,296560,768,788043
CUST03159,251108,768,956342
CUST03160,62445,669,438041
CUST03161,90683,700,215449
CUST03162,82081,745,360650
CUST03163,178727,822,555657
CUST03164,55343,745,285044
CUST03165,125451,766,990204
CUST03166,38086,571,225323
CUST03167,76873,678,238792
CUST03168,36390,596,135801
CUST03169,72478,675,440935
CUST03170,31431,560,108538
CUST03171,176689,818,578077
CUST03172,75818,694,222150
CUST03173,50347,746,369237
CUST03174,76609,669,490225
CUST03175,164389,752,1177835
CUST03176,109696,758,758930
CUST03177,52043,722,462768
CUST03178,49827,653,364394
CUST03179,214006,835,1387962
CUST03180,93004,743,264513
CUST03181,63248,664,282003
CUST03182,52851,698,201740
CUST03183,89510,658,317754
CUST03184,34187,557,215801
CUST03185,164928,845,981274
CUST03186,52693,661,414374
CUST03187,53548,747,213932
CUST03188,139110,840,764387
CUST03189,91744,734,258688
CUST03190,71503,658,493040
CUST03191,30533,622,179738
CUST03192,30176,598,137374
CUST03193,40608,639,111716
CUST03194,44633,629,230540
CUST03195,54824,700,307756
CUST03196,46648,684,364286
CUST03197,283677,754,1421530
CUST03198,98718,702,386292
CUST03199,70101,746,443287
CUST03200,87288,696,329439
CUST03201,275964,762,941475
CUST03202,72217,662,485219
CUST03203,140568,810,754833
CUST03204,47156,747,256753
CUST03205,92891,736,438750
CUST03206,56681,721,376837
CUST03207,162448,776,1247067
CUST03208,29912,622,174697
CUST03209,58054,654,412834
CUST03210,94995,707,477107
CUST03211,93248,668,293507
CUST03212,49214,731,279408
CUST03213,38449,450,243024
CUST03214,259253,767,1480624
CUST03215,79761,677,299788
CUST03216,42694,485,230958
CUST03217,291485,824,1194871
CUST03218,60751,736,201700
CUST03219,93343,722,497164
CUST03220,31151,602,120841
CUST03221,68854,741,438314
CUST03222,38359,540,126229
CUST03223,29231,570,192131
CUST03224,68648,741,318437
CUST03225,203491,796,939856
CUST03226,43391,519,243693
CUST03227,33410,450,238998
CUST03228,71324,729,366143
CUST03229,53266,702,229712
CUST03230,26893,641,234105
CUST03231,28227,542,246323
CUST03232,34731,565,238141
CUST03233,69495,736,286018
CUST03234,71570,650,221175
CUST03235,97790,678,267881
CUST03236,35559,472,193909
CUST03237,37442,582,195549
CUST03238,250865,786,1104056
CUST03239,252673,811,517139
CUST03240,61068,680,419284
CUST03241,76224,688,211065
CUST03242,78725,662,433532
CUST03243,47232,662,264627
CUST03244,55164,686,222607
CUST03245,81211,716,239384
CUST03246,75015,701,403988
CUST03247,186678,801,1201406
CUST03248,272553,801,1036460
CUST03249,221086,790,1065203
CUST03250,54380,732,420773
CUST03251,83782,707,435534
CUST03252,47323,725,231623
CUST03253,62004,742,394986
CUST03254,87930,705,229705
CUST03255,30267,517,176996
CUST03256,270647,845,1058130
CUST03257,46102,723,315362
CUST03258,245465,782,1110586
CUST03259,33552,471,185561
CUST03260,85953,728,363431
CUST03261,199955,759,873195
CUST03262,63606,722,310054
CUST03263,31685,482,185071
CUST03264,54140,742,318692
CUST03265,91474,690,226400
CUST03266,49239,697,399169
CUST03267,62331,738,460192
CUST03268,52120,744,281042
CUST03269,74907,689,446269
CUST03270,74805,744,368630
CUST03271,83092,651,480599
CUST03272,82181,748,426286
CUST03273,92448,657,318688
CUST03274,47950,706,262036
CUST03275,164792,837,1170551
CUST03276,38384,468,226474
CUST03277,78544,719,469414
CUST03278,26326,613,240789
CUST03279,42393,459,183928
CUST03280,33857,508,137849
CUST03281,60592,667,399630
CUST03282,50454,667,221723
CUST03283,31127,561,221263
CUST03284,53591,711,454708
CUST03285,73146,743,330187
CUST03286,154347,768,1156302
CUST03287,44762,688,296182
CUST03288,50088,711,411858
CUST03289,83250,653,249108
CUST03290,97879,683,471205
CUST03291,30076,605,129644
CUST03292,66864,670,403876
CUST03293,70768,686,241283
CUST03294,81174,746,328637
CUST03295,167871,821,1014595
CUST03296,25764,550,237240
CUST03297,96835,731,232941
CUST03298,26981,578,181341
CUST03299,97492,703,440823
CUST03300,261382,818,1465069
CUST03301,66801,737,310137
CUST03302,38312,648,196158
CUST03303,72408,737,338725
CUST03304,66134,729,369370
CUST03305,106127,760,951629
CUST03306,266195,814,721722
CUST03307,71691,730,466605
CUST03308,87301,694,463320
CUST03309,194364,757,995945
CUST03310,82118,733,429945
CUST03311,44397,496,112204
CUST03312,32855,573,215026
CUST03313,65376,733,414281
CUST03314,43968,700,442991
CUST03315,139755,757,796539
CUST03316,91283,716,442482
CUST03317,67667,709,304908
CUST03318,82144,687,496222
CUST03319,75095,671,413269
CUST03320,58238,730,352680
CUST03321,44423,483,192484
CUST03322,47306,680,253039
CUST03323,88352,700,439044
CUST03324,271159,815,1444136
CUST03325,222540,803,1465557
CUST03326,54543,703,453876
CUST03327,56581,663,477289
CUST03328,152124,826,623814
CUST03329,41387,704,299293
CUST03330,53449,674,244322
CUST03331,28626,550,175903
CUST03332,91292,674,280616
CUST03333,32538,501,197915
CUST03334,41414,690,315503
CUST03335,58769,719,242368
CUST03336,31669,491,246235
CUST03337,282798,760,664706
CUST03338,62203,712,364677
CUST03339,66678,748,378123
CUST03340,98422,732,254841
CUST03341,185267,786,940433
CUST03342,261146,838,747833
CUST03343,94416,747,327758
CUST03344,54911,698,311512
CUST03345,42852,665,323897
CUST03346,30611,453,150450
CUST03347,58838,650,292541
CUST03348,64995,733,285181
CUST03349,40736,701,346448
CUST03350,200525,775,950436
CUST03351,68359,743,302584
CUST03352,68759,680,214017
CUST03353,58669,654,211130
CUST03354,299814,816,964422
CUST03355,29363,491,143157
CUST03356,43188,742,457711
CUST03357,54318,715,336322
CUST03358,91027,706,216114
CUST03359,30759,635,202050
CUST03360,97666,741,336601
CUST03361,57732,718,393538
CUST03362,52247,733,297842
CUST03363,79214,686,381085
CUST03364,46031,701,449548
CUST03365,44375,696,244518
CUST03366,92064,650,282294
CUST03367,71048,748,232757
CUST03368,44854,741,229840
CUST03369,271215,760,583078
CUST03370,94738,693,456360
CUST03371,43845,569,212434
CUST03372,267248,775,868228
CUST03373,118229,806,528287
CUST03374,45220,692,426883
CUST03375,32311,537,175869
CUST03376,64282,688,307604
CUST03377,73038,742,429749
CUST03378,33150,589,109816
CUST03379,41199,708,418217
CUST03380,35703,600,249365
CUST03381,30838,581,217966
CUST03382,68430,736,351821
CUST03383,41413,690,388897
CUST03384,88213,749,213479
CUST03385,77092,743,450233
CUST03386,62222,675,419397
CUST03387,94145,715,379505
CUST03388,48278,689,273120
CUST03389,98923,683,289203
CUST03390,41627,515,207888
CUST03391,90233,738,309503
CUST03392,90044,700,401868
CUST03393,44450,506,207535
CUST03394,57338,706,238292
CUST03395,43125,729,486346
CUST03396,246157,838,912617
CUST03397,208544,838,1064235
CUST03398,90712,688,263312
CUST03399,74318,684,274361
CUST03400,50306,746,225492
CUST03401,88262,665,407862
CUST03402,80742,703,397602
CUST03403,188057,844,671637
CUST03404,53776,655,419021
CUST03405,98555,735,459174
CUST03406,65579,733,474121
CUST03407,91560,746,230330
CUST03408,188239,822,604166
CUST03409,71874,731,362240
CUST03410,42691,525,116572
CUST03411,53089,697,263483
CUST03412,113627,830,740782
CUST03413,68194,691,327615
CUST03414,282021,823,1162904
CUST03415,67164,696,303179
CUST03416,90952,721,406462
CUST03417,64101,662,339459
CUST03418,46276,731,400241
CUST03419,65905,705,383769
CUST03420,56886,730,237366
CUST03421,66979,716,264348
CUST03422,38417,614,198390
CUST03423,49459,701,462923
CUST03424,29362,527,214375
CUST03425,79919,730,204491
CUST03426,151136,849,578738
CUST03427,87250,672,265041
CUST03428,185408,769,1225359
CUST03429,79356,657,266054
CUST03430,81836,650,292872
CUST03431,48438,675,337180
CUST03432,178859,755,643187
CUST03433,60715,665,281524
CUST03434,287138,765,827643
CUST03435,56028,716,409327
CUST03436,30277,619,166759
CUST03437,97046,743,261317
CUST03438,71560,740,393665
CUST03439,35228,491,186354
CUST03440,45979,651,283104
CUST03441,258318,771,948285
CUST03442,33210,610,131387
CUST03443,77500,676,454541
CUST03444,53000,662,442432
CUST03445,31692,583,241664
CUST03446,73964,713,239004
CUST03447,44089,710,376901
CUST03448,98326,727,357704
CUST03449,79545,694,462930
CUST03450,93584,698,315606
CUST03451,32370,568,213677
CUST03452,58091,653,280312
CUST03453,288504,792,1426112
CUST03454,65245,695,378445
CUST03455,34932,566,168086
CUST03456,46953,698,421729
CUST03457,65511,729,440095
CUST03458,95676,704,458517
CUST03459,78230,697,383720
CUST03460,92920,735,241992
CUST03461,86693,670,476315
CUST03462,73652,680,266459
CUST03463,177024,789,1492336
CUST03464,82237,693,279784
CUST03465,98042,698,441640
CUST03466,64425,664,492425
CUST03467,252510,755,833903
CUST03468,175245,828,680477
CUST03469,233931,753,873509
CUST03470,80506,661,451531
CUST03471,49527,669,463111
CUST03472,88594,724,375786
CUST03473,70339,729,206554
CUST03474,287990,849,1365868
CUST03475,67612,717,465848
CUST03476,57851,738,305304
CUST03477,79888,674,271100
CUST03478,87810,661,463885
CUST03479,83081,742,416259
CUST03480,42000,725,230650
CUST03481,89282,666,408648
CUST03482,48687,678,415198
CUST03483,61525,707,352465
CUST03484,74484,672,376793
CUST03485,33255,515,189338
CUST03486,38247,583,248282
CUST03487,91364,672,276200
CUST03488,51864,650,325391
CUST03489,65851,684,382796
CUST03490,41202,742,413141
CUST03491,38957,515,159096
CUST03492,28174,625,168251
CUST03493,37982,477,187146
CUST03494,81606,699,227923
CUST03495,33648,518,128358
CUST03496,48396,694,243011
CUST03497,64311,744,434094
CUST03498,28443,522,129346
CUST03499,165306,782,1481302
CUST03500,84424,707,378975
CUST03501,191442,793,1096092
CUST03502,85671,711,254583
CUST03503,57074,721,263388
CUST03504,173747,772,1032151
CUST03505,54778,689,318473
CUST03506,182424,758,660815
CUST03507,34915,474,105046
CUST03508,296765,756,559286
CUST03509,55799,688,346997
CUST03510,78522,716,225285
CUST03511,297304,768,1362112
CUST03512,98021,717,357891
CUST03513,151843,802,543687
CUST03514,62191,698,271570
CUST03515,68129,748,237579
CUST03516,71236,712,375773
CUST03517,47077,748,332012
CUST03518,38101,511,124225
CUST03519,202748,787,1213775
CUST03520,57727,715,379364
CUST03521,48364,720,329843
CUST03522,27076,493,149432
CUST03523,44057,524,182621
CUST03524,55582,674,265509
CUST03525,115834,797,1112816
CUST03526,44952,740,314059
CUST03527,64354,743,458429
CUST03528,35582,567,240370
CUST03529,40340,616,240946
CUST03530,59718,716,477694
CUST03531,76930,695,427127
CUST03532,47973,656,205243
CUST03533,37696,453,174057
CUST03534,165649,850,641262
CUST03535,98353,694,434723
CUST03536,57383,728,223399
CUST03537,98881,661,359274
CUST03538,253975,814,1111240
CUST03539,40639,717,216788
CUST03540,61776,664,426654
CUST03541,81284,710,267076
CUST03542,44226,678,252597
CUST03543,69782,663,351066
CUST03544,55791,683,380561
CUST03545,258867,783,940026
CUST03546,59890,678,285527
CUST03547,34212,566,185531
CUST03548,228289,844,1172086
CUST03549,145121,850,941705
CUST03550,174611,824,1495428
CUST03551,79631,658,299372
CUST03552,41833,665,274281
CUST03553,84490,692,350777
CUST03554,135402,796,690923
CUST03555,56307,675,352991
CUST03556,63602,741,271609
CUST03557,246146,760,1274126
CUST03558,63267,736,372823
CUST03559,49863,680,295893
CUST03560,30034,561,214481
CUST03561,40405,698,375697
CUST03562,79620,713,306042
CUST03563,33939,622,162262
CUST03564,45248,698,496989
CUST03565,235198,796,1456375
CUST03566,195170,837,1487804
CUST03567,27528,583,163356
CUST03568,87826,716,463001
CUST03569,72749,708,300464
CUST03570,105903,822,1320204
CUST03571,27752,491,151829
CUST03572,30859,455,198142
CUST03573,40429,571,173332
CUST03574,84495,680,431043
CUST03575,98652,743,282159
CUST03576,82041,748,424311
CUST03577,181677,833,873115
CUST03578,30965,471,232690
CUST03579,41093,454,231362
CUST03580,47096,737,394774
CUST03581,56542,723,389438
CUST03582,71688,657,493678
CUST03583,43696,458,216810
CUST03584,93459,745,314131
CUST03585,44018,735,437361
CUST03586,87161,664,310782
CUST03587,50417,679,336008
CUST03588,44837,569,152664
CUST03589,181202,783,1234222
CUST03590,57189,689,228502
CUST03591,25148,533,202619
CUST03592,85761,707,264760
CUST03593,85399,724,214398
CUST03594,49601,734,394492
CUST03595,61937,681,233927
CUST03596,40319,470,244811
CUST03597,47931,744,216300
CUST03598,69734,666,462468
CUST03599,79969,749,312756
CUST03600,164363,788,925883
CUST03601,41412,537,180275
CUST03602,81197,676,250992
CUST03603,231743,826,1270630
CUST03604,85003,699,300631
CUST03605,195172,791,923653
CUST03606,297994,794,1053027
CUST03607,209170,794,810212
CUST03608,57644,654,340091
CUST03609,58747,736,323020
CUST03610,83271,733,453797
CUST03611,289114,789,798205
CUST03612,72701,719,312433
CUST03613,213793,810,889251
CUST03614,52540,715,273600
CUST03615,38481,471,117518
CUST03616,230416,778,694982
CUST03617,62853,671,320533
CUST03618,147627,787,1426753
CUST03619,40930,670,404923
CUST03620,62150,698,277055
CUST03621,88799,708,237312
CUST03622,41374,524,160304
CUST03623,26441,465,216585
CUST03624,52948,660,271878
CUST03625,43225,490,220377
CUST03626,47529,727,323603
CUST03627,285612,843,663964
CUST03628,98711,676,291121
CUST03629,45791,718,355451
CUST03630,78387,687,227359
CUST03631,45524,702,456213
CUST03632,76337,727,209496
CUST03633,78562,674,495802
CUST03634,41129,699,214557
CUST03635,46081,726,440988
CUST03636,59623,709,262581
CUST03637,95287,738,313924
CUST03638,39853,541,190404
CUST03639,139336,843,604591
CUST03640,68769,709,201414
CUST03641,82937,653,377089
CUST03642,62154,695,334182
CUST03643,78310,700,216532
CUST03644,113585,802,1416231
CUST03645,140527,799,1188331
CUST03646,182134,822,542134
CUST03647,83543,744,469853
CUST03648,36382,473,221954
CUST03649,204540,779,1045774
CUST03650,40414,724,307837
CUST03651,77319,667,247906
CUST03652,177572,763,1036700
CUST03653,62666,726,399750
CUST03654,171510,821,1292048
CUST03655,228821,759,1435526
CUST03656,43253,639,215263
CUST03657,72093,711,391574
CUST03658,170740,822,1409675
CUST03659,85299,740,312684
CUST03660,54029,746,256492
CUST03661,81273,691,455569
CUST03662,37825,643,222791
CUST03663,65351,662,308783
CUST03664,25999,648,107050
CUST03665,50430,709,497132
CUST03666,67684,702,216696
CUST03667,85259,650,377788
CUST03668,92393,741,224012
CUST03669,63609,708,356167
CUST03670,81679,722,227164
CUST03671,79618,702,285782
CUST03672,252816,770,1177713
CUST03673,43613,739,347814
CUST03674,90308,672,455872
CUST03675,186972,846,1495997
CUST03676,93225,734,363547
CUST03677,92643,685,486777
CUST03678,73206,659,205899
CUST03679,98799,666,447086
CUST03680,96372,698,311021
CUST03681,75103,659,260277
CUST03682,81920,719,416821
CUST03683,148716,834,1125204
CUST03684,85147,745,463524
CUST03685,34430,453,120517
CUST03686,94539,718,304042
CUST03687,30398,633,238815
CUST03688,151447,776,1443349
CUST03689,84535,691,496499
CUST03690,37860,524,110841
CUST03691,224629,828,1343069
CUST03692,44254,703,487064
CUST03693,77946,736,337226
CUST03694,31263,463,143847
CUST03695,57552,651,246416
CUST03696,221225,763,1467369
CUST03697,79509,712,446386
CUST03698,286076,833,1328055
CUST03699,78334,650,348155
CUST03700,97805,727,342439
CUST03701,50854,666,343905
CUST03702,66631,732,275366
CUST03703,40768,718,416398
CUST03704,81103,723,458828
CUST03705,139965,763,1264858
CUST03706,71279,684,408306
CUST03707,75778,707,261754
CUST03708,72545,650,223500
CUST03709,36868,528,165890
CUST03710,284532,817,1033071
CUST03711,70971,661,218976
CUST03712,52303,730,418285
CUST03713,298769,769,1014821
CUST03714,91342,656,261056
CUST03715,78991,725,497107
CUST03716,241826,794,696860
CUST03717,82411,674,449452
CUST03718,80706,680,480209
CUST03719,180788,830,1212589
CUST03720,95382,695,255947
CUST03721,62274,677,311588
CUST03722,64694,710,326572
CUST03723,39016,474,153729
CUST03724,58974,687,299137
CUST03725,261496,783,1026614
CUST03726,215337,808,965273
CUST03727,104456,775,1438142
CUST03728,77985,719,332759
CUST03729,50537,676,471000
CUST03730,194318,818,1092420
CUST03731,25663,478,233005
CUST03732,65876,708,211806
CUST03733,42713,550,145464
CUST03734,53871,653,273433
CUST03735,101951,765,897055
CUST03736,32685,570,186895
CUST03737,48171,655,442040
CUST03738,249415,808,538053
CUST03739,289481,821,906903
CUST03740,60331,654,445606
CUST03741,172496,754,1158180
CUST03742,135477,844,1404181
CUST03743,57707,711,263477
CUST03744,73631,719,376041
CUST03745,42247,659,287323
CUST03746,30204,563,141532
CUST03747,45280,739,324027
CUST03748,93495,725,202642
CUST03749,189212,804,1422803
CUST03750,66869,741,496767
CUST03751,32503,587,124163
CUST03752,63834,692,396206
CUST03753,237383,846,1483868
CUST03754,85828,721,395641
CUST03755,26880,573,245014
CUST03756,27613,521,243202
CUST03757,66445,667,426725
CUST03758,35636,528,194635
CUST03759,34397,574,125774
CUST03760,88628,655,215966
CUST03761,47872,656,268697
CUST03762,46751,674,457985
CUST03763,62069,692,239691
CUST03764,58437,717,319275
CUST03765,215566,774,657075
CUST03766,48786,710,304008
CUST03767,78705,740,351129
CUST03768,48841,662,489531
CUST03769,285232,780,1392873
CUST03770,97771,704,456052
CUST03771,44354,707,342931
CUST03772,75883,704,346988
CUST03773,40439,643,178320
CUST03774,35194,478,129945
CUST03775,110058,767,1253896
CUST03776,165173,837,588266
CUST03777,41832,669,205667
CUST03778,77979,744,349694
CUST03779,46358,672,263980
CUST03780,240772,830,1361336
CUST03781,96136,747,238319
CUST03782,40887,558,180199
CUST03783,60901,742,450179
CUST03784,41597,461,231289
CUST03785,91954,691,478186
CUST03786,59872,661,306821
CUST03787,88452,668,373096
CUST03788,67090,739,429694
CUST03789,26358,559,185765
CUST03790,191696,819,1229939
CUST03791,96837,679,300455
CUST03792,29328,489,154705
CUST03793,222818,811,940351
CUST03794,93282,705,221908
CUST03795,86532,689,430731
CUST03796,40385,612,131614
CUST03797,27282,595,120028
CUST03798,47292,716,216383
CUST03799,198517,765,963813
CUST03800,85225,728,476701
CUST03801,278771,818,1224378
CUST03802,76597,663,352437
CUST03803,83874,699,360965
CUST03804,81272,716,427456
CUST03805,33044,520,248839
CUST03806,50771,698,230418
CUST03807,191613,760,843197
CUST03808,84529,695,488501
CUST03809,236489,770,1284688
CUST03810,139409,789,1220515
CUST03811,66529,725,493671
CUST03812,45204,697,416637
CUST03813,223878,775,1483254
CUST03814,253548,764,706651
CUST03815,92841,729,292244
CUST03816,68732,661,283456
CUST03817,32516,610,173283
CUST03818,247975,779,514921
CUST03819,34606,634,245627
CUST03820,241081,781,640467
CUST03821,60588,686,440031
CUST03822,70327,700,405029
CUST03823,30530,616,177960
CUST03824,220292,781,1098050
CUST03825,32489,460,214158
CUST03826,89858,727,291849
CUST03827,34736,566,121737
CUST03828,279496,805,876603
CUST03829,82860,683,471810
CUST03830,41221,555,231121
CUST03831,278469,774,670397
CUST03832,202175,804,763900
CUST03833,42119,745,433092
CUST03834,53777,720,433378
CUST03835,61429,697,423308
CUST03836,26910,606,213962
CUST03837,39444,602,165815
CUST03838,148842,813,967490
CUST03839,37974,527,222665
CUST03840,177883,787,945229
CUST03841,154383,795,1059615
CUST03842,84978,721,270824
CUST03843,253443,760,598994
CUST03844,67625,671,482207
CUST03845,42972,707,450356
CUST03846,25258,613,203502
CUST03847,138684,822,999638
CUST03848,131030,799,1096502
CUST03849,46472,707,389206
CUST03850,165673,848,711242
CUST03851,54700,678,455344
CUST03852,39273,481,195068
CUST03853,71224,724,227262
CUST03854,276848,753,771059
CUST03855,44201,680,360170
CUST03856,110292,813,1227096
CUST03857,49195,741,279099
CUST03858,83841,730,496343
CUST03859,74626,682,431799
CUST03860,75473,733,442286
CUST03861,66345,744,476678
CUST03862,41228,678,318890
CUST03863,94646,688,331516
CUST03864,58626,739,474564
CUST03865,34521,564,211895
CUST03866,25106,596,158912
CUST03867,53502,667,253208
CUST03868,29640,469,232990
CUST03869,40830,488,180275
CUST03870,123996,783,840088
CUST03871,49704,683,435649
CUST03872,79432,698,349345
CUST03873,44128,702,335065
CUST03874,31271,459,190845
CUST03875,88665,715,375201
CUST03876,57808,692,458798
CUST03877,84537,713,403441
CUST03878,42908,626,132353
CUST03879,208219,788,1461651
CUST03880,48383,676,259159
CUST03881,45726,692,434851
CUST03882,57969,676,268932
CUST03883,92081,728,322456
CUST03884,90072,716,372877
CUST03885,277716,792,579175
CUST03886,90405,652,247198
CUST03887,45724,706,431732
CUST03888,169867,756,805520
CUST03889,34778,563,165215
CUST03890,31914,584,232626
CUST03891,64371,706,401166
CUST03892,47628,742,391410
CUST03893,58905,724,319741
CUST03894,95584,658,442191
CUST03895,54489,668,424084
CUST03896,40289,726,202961
CUST03897,25706,500,232741
CUST03898,69487,744,421973
CUST03899,33888,620,208649
CUST03900,90748,708,262939
CUST03901,88885,663,290840
CUST03902,38865,542,185935
CUST03903,48582,708,402815
CUST03904,27172,607,172343
CUST03905,97407,656,326489
CUST03906,40843,575,188549
CUST03907,50618,739,382277
CUST03908,90647,681,463985
CUST03909,270257,755,1077115
CUST03910,36713,454,122610
CUST03911,25408,648,181230
CUST03912,27820,450,212812
CUST03913,83569,710,293390
CUST03914,82859,731,375076
CUST03915,61294,666,461330
CUST03916,67917,735,376580
CUST03917,90742,690,428805
CUST03918,44214,663,209722
CUST03919,40700,733,280151
CUST03920,212383,756,1192526
CUST03921,62900,681,449439
CUST03922,182646,784,1202076
CUST03923,247429,768,1421991
CUST03924,52743,732,362224
CUST03925,72240,683,449821
CUST03926,58639,677,316682
CUST03927,59345,737,312554
CUST03928,75194,675,218311
CUST03929,85193,666,328259
CUST03930,88616,669,282284
CUST03931,84508,674,365674
CUST03932,60023,662,228767
CUST03933,51618,660,394348
CUST03934,41161,715,431221
CUST03935,57132,667,267064
CUST03936,60600,659,444579
CUST03937,30070,557,222284
CUST03938,69353,671,305379
CUST03939,65965,745,268641
CUST03940,171017,826,538499
CUST03941,85267,662,409181
CUST03942,27190,457,230741
CUST03943,96912,697,313492
CUST03944,74113,725,444382
CUST03945,26611,484,222915
CUST03946,35049,506,201203
CUST03947,67555,663,461894
CUST03948,94303,710,382300
CUST03949,250794,819,1407401
CUST03950,119746,776,767902
CUST03951,223668,838,919072
CUST03952,50975,691,303507
CUST03953,42749,662,309060
CUST03954,47167,653,223203
CUST03955,53231,661,410976
CUST03956,245849,779,1174720
CUST03957,149465,850,1334958
CUST03958,53499,685,498148
CUST03959,62134,657,330092
CUST03960,39954,507,151331
CUST03961,68895,673,392609
CUST03962,83993,669,324878
CUST03963,287472,795,1424201
CUST03964,29883,572,209945
CUST03965,151932,831,664173
CUST03966,162839,780,506024
CUST03967,60496,710,452071
CUST03968,162513,839,987110
CUST03969,70556,701,332710
CUST03970,84358,693,201333
CUST03971,93804,715,297220
CUST03972,69797,682,479767
CUST03973,45638,716,475515
CUST03974,92801,748,493524
CUST03975,86191,692,281411
CUST03976,201598,778,895549
CUST03977,59925,658,435408
CUST03978,27288,584,240660
CUST03979,53902,696,250630
CUST03980,61988,657,370733
CUST03981,187596,797,1005020
CUST03982,58807,653,249581
CUST03983,80759,727,447780
CUST03984,41954,656,432997
CUST03985,296048,795,908396
CUST03986,54107,748,424337
CUST03987,166318,770,514905
CUST03988,176912,758,1056768
CUST03989,231935,752,1226780
CUST03990,175246,838,1486634
CUST03991,186005,781,791403
CUST03992,295068,813,650892
CUST03993,66770,694,355076
CUST03994,69774,663,278375
CUST03995,260759,751,777909
CUST03996,41877,530,143650
CUST03997,36112,475,135231
CUST03998,48580,717,380731
CUST03999,116936,824,745427
CUST04000,57377,709,452975
CUST04001,38403,516,102263
CUST04002,40247,643,216513
CUST04003,37753,547,183580
CUST04004,40737,553,198515
CUST04005,242770,791,1042327
CUST04006,89372,671,241046
CUST04007,33030,540,190520
CUST04008,55481,720,434480
CUST04009,83907,684,246951
CUST04010,92684,661,222500
CUST04011,69551,665,450742
CUST04012,126719,810,1317624
CUST04013,64410,692,370797
CUST04014,26041,572,247098
CUST04015,73918,711,480396
CUST04016,96685,726,351635
CUST04017,97380,657,206992
CUST04018,34949,539,189107
CUST04019,25957,557,141371
CUST04020,86110,686,300101
CUST04021,31018,565,220419
CUST04022,97564,672,356061
CUST04023,79060,749,256839
CUST04024,96239,654,270573
CUST04025,58372,711,456098
CUST04026,88598,655,310498
CUST04027,97944,741,417823
CUST04028,60025,712,260066
CUST04029,61257,690,361035
CUST04030,27156,629,167604
CUST04031,25813,530,234220
CUST04032,87928,692,248897
CUST04033,96811,741,221569
CUST04034,28678,636,219106
CUST04035,88140,702,248474
CUST04036,52317,699,206677
CUST04037,62477,705,308143
CUST04038,62235,661,309084
CUST04039,230495,792,1376527
CUST04040,123536,805,664570
CUST04041,74626,727,440039
CUST04042,49700,713,423809
CUST04043,43670,710,377757
CUST04044,83481,686,302597
CUST04045,92171,747,265877
CUST04046,31232,494,179795
CUST04047,44757,620,249992
CUST04048,93593,706,337268
CUST04049,76880,680,480295
CUST04050,105637,795,1401266
CUST04051,29693,619,241185
CUST04052,42262,511,162175
CUST04053,94906,746,271557
CUST04054,94697,682,401965
CUST04055,41981,737,349340
CUST04056,74046,703,366848
CUST04057,79688,671,290634
CUST04058,97677,690,496053
CUST04059,90849,727,404486
CUST04060,207348,829,985819
CUST04061,35539,597,142115
CUST04062,165398,797,962931
CUST04063,66524,723,365375
CUST04064,270034,805,1121801
CUST04065,83507,740,463051
CUST04066,284369,818,1253955
CUST04067,124961,759,1279175
CUST04068,143972,780,1141730
CUST04069,25750,484,129571
CUST04070,264082,809,1287950
CUST04071,52536,653,464969
CUST04072,232523,814,1351287
CUST04073,57702,729,334794
CUST04074,44873,621,132385
CUST04075,78414,695,275853
CUST04076,27234,479,122487
CUST04077,38816,525,156881
CUST04078,73343,662,457735
CUST04079,28104,472,106108
CUST04080,73552,661,440088
CUST04081,68645,733,388048
CUST04082,35248,579,166032
CUST04083,63619,667,488582
CUST04084,43020,464,115935
CUST04085,42726,457,243353
CUST04086,195952,795,1026164
CUST04087,215821,836,589049
CUST04088,29616,561,212946
CUST04089,179590,774,1097095
CUST04090,53043,733,348249
CUST04091,58964,691,230520
CUST04092,93582,715,397585
CUST04093,45437,661,263970
CUST04094,76831,721,328575
CUST04095,63455,683,305038
CUST04096,92921,656,328600
CUST04097,43874,686,359264
CUST04098,75273,671,336069
CUST04099,57035,669,423732
CUST04100,62751,695,391681
CUST04101,42321,577,229414
CUST04102,51156,650,476575
CUST04103,69346,731,401022
CUST04104,36392,572,117896
CUST04105,81369,662,228278
CUST04106,27594,483,244678
CUST04107,68088,738,390946
CUST04108,85736,736,350824
CUST04109,94281,746,286174
CUST04110,29501,620,191067
CUST04111,39822,582,173843
CUST04112,265784,821,885017
CUST04113,66152,660,441255
CUST04114,51373,664,277048
CUST04115,86429,722,321876
CUST04116,77043,684,351636
CUST04117,233292,803,720695
CUST04118,61795,749,248497
CUST04119,212420,850,770939
CUST04120,88757,670,403014
CUST04121,60832,669,449031
CUST04122,89761,698,215498
CUST04123,74652,716,464216
CUST04124,27122,460,133337
CUST04125,76381,739,481143
CUST04126,93924,673,227533
CUST04127,77361,677,388991
CUST04128,228404,785,713546
CUST04129,117746,823,669956
CUST04130,62966,664,386926
CUST04131,58327,694,367616
CUST04132,44286,727,233406
CUST04133,268844,796,753551
CUST04134,26989,630,124750
CUST04135,34758,610,185215
CUST04136,286292,789,1124891
CUST04137,79604,683,447300
CUST04138,259938,849,1255597
CUST04139,27823,646,125199
CUST04140,58725,696,409992
CUST04141,85051,665,441404
CUST04142,103847,815,933457
CUST04143,42736,574,149242
CUST04144,73627,689,202930
CUST04145,43230,672,214975
CUST04146,191468,835,517511
CUST04147,45624,688,264529
CUST04148,44802,658,403019
CUST04149,51765,702,320339
CUST04150,44777,721,457966
CUST04151,57773,676,413340
CUST04152,35510,532,147016
CUST04153,273829,767,1142315
CUST04154,88522,741,294698
CUST04155,122393,789,1002751
CUST04156,44923,590,176447
CUST04157,100670,836,962968
CUST04158,58043,668,269867
CUST04159,41340,617,211773
CUST04160,56910,656,270651
CUST04161,162299,829,1290281
CUST04162,26511,471,102743
CUST04163,63860,744,412953
CUST04164,81784,698,226659
CUST04165,83275,721,392950
CUST04166,37161,584,247621
CUST04167,110686,842,567945
CUST04168,71406,688,282770
CUST04169,115966,821,797181
CUST04170,97824,706,304320
CUST04171,89546,746,391237
CUST04172,96656,656,345908
CUST04173,56574,734,382833
CUST04174,40697,683,324381
CUST04175,71492,662,201854
CUST04176,71089,652,209143
CUST04177,73441,697,209376
CUST04178,27760,497,167259
CUST04179,66194,725,248053
CUST04180,56255,736,336453
CUST04181,89620,700,384553
CUST04182,63586,654,451274
CUST04183,230864,780,689182
CUST04184,33829,616,165773
CUST04185,247270,814,1415801
CUST04186,110300,797,1335315
CUST04187,57158,708,238962
CUST04188,221705,821,1165512
CUST04189,137259,807,1436343
CUST04190,47836,734,448538
CUST04191,60990,697,272181
CUST04192,41594,706,420966
CUST04193,30562,640,123778
CUST04194,42456,717,390997
CUST04195,38995,604,170848
CUST04196,53812,669,260015
CUST04197,60355,746,466164
CUST04198,80309,676,331011
CUST04199,273853,822,875338
CUST04200,85187,694,259336
CUST04201,92302,704,349022
CUST04202,25821,555,215975
CUST04203,32014,450,139955
CUST04204,51718,739,283318
CUST04205,58365,689,443411
CUST04206,283190,822,1284603
CUST04207,85158,653,397287
CUST04208,61839,726,460072
CUST04209,69060,683,250321
CUST04210,69480,743,200117
CUST04211,58010,713,480412
CUST04212,97520,705,269827
CUST04213,41833,637,201928
CUST04214,25472,575,171455
CUST04215,43818,505,202684
CUST04216,51372,690,244530
CUST04217,42707,631,181249
CUST04218,84714,748,266824
CUST04219,90911,717,230296
CUST04220,280209,843,1383719
CUST04221,296218,819,534854
CUST04222,65744,653,496831
CUST04223,43516,491,196587
CUST04224,54672,663,245393
CUST04225,70433,671,337177
CUST04226,42090,635,119999
CUST04227,47169,722,380589
CUST04228,118213,802,696642
CUST04229,74167,719,228106
CUST04230,61966,690,392999
CUST04231,54827,673,479134
CUST04232,32643,527,249735
CUST04233,232511,800,516868
CUST04234,43449,706,285065
CUST04235,55166,673,409788
CUST04236,94728,742,239007
CUST04237,33259,606,170425
CUST04238,40003,648,145176
CUST04239,60706,708,373118
CUST04240,69903,745,217902
CUST04241,68643,742,454219
CUST04242,46943,729,229757
CUST04243,89567,735,251406
CUST04244,66587,720,421729
CUST04245,59260,698,287745
CUST04246,71201,728,240284
CUST04247,72647,732,413301
CUST04248,45693,731,247364
CUST04249,59983,729,283440
CUST04250,79004,722,202418
CUST04251,42236,494,112070
CUST04252,78589,676,204952
CUST04253,39799,470,201546
CUST04254,91962,674,406064
CUST04255,42882,501,154843
CUST04256,72312,699,425668
CUST04257,37665,477,203807
CUST04258,43242,515,236197
CUST04259,81373,656,310016
CUST04260,33698,610,137798
CUST04261,287270,750,753131
CUST04262,56326,689,253492
CUST04263,71925,691,382010
CUST04264,86942,744,247919
CUST04265,257127,841,875979
CUST04266,93154,709,245698
CUST04267,47971,661,474124
CUST04268,29794,517,247254
CUST04269,38954,629,187673
CUST04270,80840,696,375915
CUST04271,40453,517,245433
CUST04272,78120,728,396215
CUST04273,55890,729,421969
CUST04274,224277,822,618283
CUST04275,92788,684,239481
CUST04276,41833,658,242533
CUST04277,67599,739,315417
CUST04278,33665,619,108270
CUST04279,188718,750,1231758
CUST04280,47256,683,436297
CUST04281,57259,747,476389
CUST04282,44410,521,209756
CUST04283,64136,700,340825
CUST04284,244036,792,1291180
CUST04285,97540,664,437589
CUST04286,44270,715,230304
CUST04287,55558,736,473689
CUST04288,83411,660,464570
CUST04289,90128,666,338224
CUST04290,80515,692,457686
CUST04291,52102,699,392381
CUST04292,44294,551,196255
CUST04293,87155,698,479052
CUST04294,96595,679,478766
CUST04295,40564,708,200258
CUST04296,48200,740,464122
CUST04297,71427,744,334117
CUST04298,60229,717,367673
CUST04299,60432,712,458741
CUST04300,89679,651,320099
CUST04301,92027,660,240247
CUST04302,61757,704,236510
CUST04303,50824,658,249844
CUST04304,63523,662,239199
CUST04305,89509,731,212956
CUST04306,36198,507,219684
CUST04307,47288,654,232594
CUST04308,187163,750,1443684
CUST04309,277898,824,725563
CUST04310,33277,585,109760
CUST04311,88353,676,274752
CUST04312,58799,694,200313
CUST04313,155584,808,510496
CUST04314,28832,520,189829
CUST04315,79049,697,482897
CUST04316,159182,800,1156603
CUST04317,71229,660,239741
CUST04318,41146,656,292637
CUST04319,41899,720,352277
CUST04320,220238,819,549392
CUST04321,38715,532,130360
CUST04322,62735,697,491873
CUST04323,56535,685,407009
CUST04324,255542,812,553319
CUST04325,89000,663,258663
CUST04326,46777,687,382071
CUST04327,55812,682,421537
CUST04328,30329,489,178775
CUST04329,59361,651,485396
CUST04330,93058,716,271273
CUST04331,45345,674,396754
CUST04332,75092,726,396496
CUST04333,29755,492,234148
CUST04334,60704,662,443041
CUST04335,257631,755,549501
CUST04336,240481,763,1446808
CUST04337,29912,522,199057
CUST04338,96399,734,412744
CUST04339,162672,797,1301965
CUST04340,37509,528,209695
CUST04341,90543,660,330382
CUST04342,88712,748,262648
CUST04343,59330,696,466470
CUST04344,52893,744,304713
CUST04345,26484,567,229965
CUST04346,222379,758,1299058
CUST04347,98410,726,401551
CUST04348,155586,831,1012660
CUST04349,78641,675,344636
CUST04350,70833,740,458769
CUST04351,55585,709,428012
CUST04352,40700,638,151168
CUST04353,47624,704,455507
CUST04354,66606,722,396798
CUST04355,74395,724,338589
CUST04356,81985,734,436986
CUST04357,66789,725,320859
CUST04358,71366,667,494237
CUST04359,35497,565,217099
CUST04360,223228,774,1151601
CUST04361,43424,656,270762
CUST04362,51984,681,275308
CUST04363,30987,483,143832
CUST04364,26869,569,175807
CUST04365,29590,474,239031
CUST04366,32570,573,167045
CUST04367,68827,669,325666
CUST04368,62556,699,209900
CUST04369,206645,750,1161687
CUST04370,85610,662,475802
CUST04371,43340,706,332516
CUST04372,81554,717,493149
CUST04373,37079,560,203926
CUST04374,93302,688,415640
CUST04375,55246,726,412340
CUST04376,69526,741,235137
CUST04377,152453,779,893767
CUST04378,41076,684,216591
CUST04379,74476,662,374986
CUST04380,82292,746,232032
CUST04381,69149,655,294452
CUST04382,47494,727,446093
CUST04383,257810,785,526041
CUST04384,57878,724,402621
CUST04385,45221,677,412552
CUST04386,141479,789,907587
CUST04387,78180,688,366393
CUST04388,75547,727,207701
CUST04389,35717,570,180139
CUST04390,41268,512,132480
CUST04391,97269,724,418083
CUST04392,46955,671,309962
CUST04393,25024,461,139820
CUST04394,40263,560,113608
CUST04395,231488,821,914085
CUST04396,55016,678,401347
CUST04397,93456,710,366003
CUST04398,118872,823,1031904
CUST04399,249551,813,844088
CUST04400,77126,729,431427
CUST04401,47282,654,331261
CUST04402,58740,669,243098
CUST04403,296043,761,892248
CUST04404,104216,846,1495131
CUST04405,63789,733,434208
CUST04406,73035,660,412416
CUST04407,152067,752,1291935
CUST04408,28385,589,188196
CUST04409,81938,680,265972
CUST04410,56273,678,306952
CUST04411,38401,609,190034
CUST04412,299512,801,866356
CUST04413,65754,698,278956
CUST04414,47772,664,237173
CUST04415,86814,671,372463
CUST04416,93957,690,457412
CUST04417,48734,700,275206
CUST04418,28626,529,133906
CUST04419,181606,820,982279
CUST04420,294298,797,1498364
CUST04421,52306,655,367093
CUST04422,85262,728,482159
CUST04423,93710,662,341317
CUST04424,77702,733,232950
CUST04425,262681,845,527411
CUST04426,58429,730,205763
CUST04427,61481,690,371858
CUST04428,66098,680,473256
CUST04429,37192,591,242330
CUST04430,37517,604,109019
CUST04431,39194,624,242872
CUST04432,31537,638,212101
CUST04433,128730,781,1424500
CUST04434,31432,508,204262
CUST04435,261212,828,553416
CUST04436,48167,653,349162
CUST04437,43116,509,133320
CUST04438,60630,666,320663
CUST04439,30448,522,145308
CUST04440,95347,744,475592
CUST04441,81428,692,310464
CUST04442,89601,678,216728
CUST04443,45954,697,403974
CUST04444,29316,478,174462
CUST04445,48497,686,231159
CUST04446,79152,702,473147
CUST04447,296525,835,1286913
CUST04448,63860,714,338600
CUST04449,178127,754,669581
CUST04450,71810,657,318486
CUST04451,40964,594,114152
CUST04452,81946,686,207693
CUST04453,85779,739,304535
CUST04454,79583,665,310199
CUST04455,63962,746,473055
CUST04456,142403,772,828261
CUST04457,42920,459,154401
CUST04458,82282,727,439134
CUST04459,39922,602,213747
CUST04460,155793,807,754063
CUST04461,85710,704,415968
CUST04462,295901,783,1352564
CUST04463,30700,520,207516
CUST04464,90248,688,418703
CUST04465,79402,701,350802
CUST04466,67022,746,469624
CUST04467,264333,844,824075
CUST04468,41910,724,223011
CUST04469,273891,759,747797
CUST04470,43644,663,297614
CUST04471,41980,745,327351
CUST04472,58222,669,345805
CUST04473,33949,637,150053
CUST04474,195258,776,795976
CUST04475,94230,672,309481
CUST04476,186749,839,1310863
CUST04477,56993,705,447207
CUST04478,34051,499,206090
CUST04479,72275,748,232632
CUST04480,26333,572,103877
CUST04481,48705,662,450393
CUST04482,28594,587,186629
CUST04483,180512,826,1292684
CUST04484,62161,668,416827
CUST04485,87494,747,285489
CUST04486,35178,477,156023
CUST04487,277809,844,583483
CUST04488,250979,759,535776
CUST04489,69141,703,346005
CUST04490,69077,711,475654
CUST04491,95884,736,399910
CUST04492,57585,691,245594
CUST04493,68794,654,457460
CUST04494,77967,690,250046
CUST04495,261695,777,901949
CUST04496,81938,699,320804
CUST04497,85114,733,280425
CUST04498,64618,695,243392
CUST04499,95925,696,224860
CUST04500,43537,735,252653
CUST04501,65364,658,369721
CUST04502,171615,832,663101
CUST04503,92169,675,201719
CUST04504,69025,705,358662
CUST04505,33331,511,185769
CUST04506,39887,465,139148
CUST04507,45764,702,375818
CUST04508,30669,558,113191
CUST04509,96805,702,243416
CUST04510,53701,734,426420
CUST04511,276292,773,509112
CUST04512,52654,654,202905
CUST04513,91893,680,433006
CUST04514,76019,691,432182
CUST04515,229397,777,1408710
CUST04516,88096,678,475516
CUST04517,96098,656,486590
CUST04518,52652,702,354871
CUST04519,62056,658,245244
CUST04520,46040,688,453970
CUST04521,70762,719,334326
CUST04522,249110,773,872793
CUST04523,90551,652,459174
CUST04524,46533,701,387104
CUST04525,44222,689,358476
CUST04526,44631,519,161902
CUST04527,82664,672,368195
CUST04528,45863,727,223663
CUST04529,69774,703,247545
CUST04530,34198,568,150911
CUST04531,86589,661,218708
CUST04532,62860,661,389891
CUST04533,45021,688,467042
CUST04534,92580,719,223080
CUST04535,39470,507,124481
CUST04536,81932,746,354414
CUST04537,46993,711,398306
CUST04538,131151,757,1475350
CUST04539,98840,682,449970
CUST04540,103068,782,1061353
CUST04541,68994,723,259020
CUST04542,79620,675,223462
CUST04543,239693,798,1045275
CUST04544,93794,713,492811
CUST04545,64387,701,360082
CUST04546,44760,730,401841
CUST04547,65388,708,252204
CUST04548,83463,675,324129
CUST04549,229221,756,1206673
CUST04550,150426,841,831109
CUST04551,89053,669,255265
CUST04552,49570,655,311437
CUST04553,50014,653,217222
CUST04554,51200,716,220871
CUST04555,53898,706,249472
CUST04556,110402,835,792567
CUST04557,62702,712,268978
CUST04558,79236,713,454942
CUST04559,89371,659,251021
CUST04560,33282,555,120380
CUST04561,207583,773,1133045
CUST04562,73436,650,263774
CUST04563,72052,694,490785
CUST04564,65614,718,472904
CUST04565,97023,683,400478
CUST04566,62145,708,203651
CUST04567,138960,757,1451204
CUST04568,83636,695,430095
CUST04569,83138,742,477632
CUST04570,36709,622,214711
CUST04571,297149,781,1184188
CUST04572,47694,743,422402
CUST04573,72607,650,447059
CUST04574,28818,641,227390
CUST04575,208236,759,694703
CUST04576,57228,665,290139
CUST04577,43032,530,193601
CUST04578,49087,662,404036
CUST04579,63515,697,319683
CUST04580,62767,706,396467
CUST04581,38804,497,116186
CUST04582,46802,747,409951
CUST04583,31929,522,136604
CUST04584,32249,556,164175
CUST04585,27663,504,111989
CUST04586,44882,549,213690
CUST04587,30246,516,124242
CUST04588,61248,731,260088
CUST04589,35419,485,228426
CUST04590,25864,557,188516
CUST04591,62475,714,344028
CUST04592,142432,835,528999
CUST04593,39761,645,236021
CUST04594,48438,742,458185
CUST04595,44734,710,205204
CUST04596,62695,729,269599
CUST04597,51354,668,266531
CUST04598,294201,814,1063094
CUST04599,96209,734,324341
CUST04600,37027,513,204475
CUST04601,151300,781,1413089
CUST04602,41807,686,454282
CUST04603,286315,760,530263
CUST04604,215123,797,1395149
CUST04605,90299,724,423370
CUST04606,265491,844,812798
CUST04607,61019,687,486966
CUST04608,72682,720,310673
CUST04609,89830,745,464966
CUST04610,64738,663,476770
CUST04611,47035,706,329243
CUST04612,69601,675,460215
CUST04613,81615,665,345721
CUST04614,65675,730,211279
CUST04615,80491,684,493538
CUST04616,106933,775,1221597
CUST04617,176973,798,808874
CUST04618,60582,666,370330
CUST04619,55110,681,251630
CUST04620,75189,741,414209
CUST04621,32966,582,113221
CUST04622,44754,735,266575
CUST04623,98692,693,264665
CUST04624,76422,699,211837
CUST04625,41861,721,310744
CUST04626,80803,663,243626
CUST04627,161589,806,1323048
CUST04628,30883,599,217235
CUST04629,151542,766,1218596
CUST04630,93544,749,428753
CUST04631,51755,681,346629
CUST04632,39737,466,231776
CUST04633,43866,509,208750
CUST04634,49656,712,264393
CUST04635,94177,657,215890
CUST04636,69512,672,484944
CUST04637,51077,731,338237
CUST04638,78889,729,461038
CUST04639,76349,697,386356
CUST04640,42927,513,112531
CUST04641,84130,723,227972
CUST04642,58588,667,422621
CUST04643,46644,747,397084
CUST04644,77693,684,363426
CUST04645,44097,747,287506
CUST04646,68865,651,485499
CUST04647,88475,736,249471
CUST04648,289741,769,1397326
CUST04649,174599,773,989952
CUST04650,36240,580,229366
CUST04651,33579,481,110107
CUST04652,89657,653,413129
CUST04653,236166,839,941010
CUST04654,90239,723,329533
CUST04655,25195,645,189799
CUST04656,75765,655,434178
CUST04657,65951,742,251634
CUST04658,167670,835,1445305
CUST04659,48950,675,298507
CUST04660,102123,759,1040597
CUST04661,65361,707,250014
CUST04662,79465,681,461494
CUST04663,239790,776,1307620
CUST04664,35581,621,220439
CUST04665,93287,692,365291
CUST04666,90872,712,443371
CUST04667,98829,713,462517
CUST04668,66105,722,322677
CUST04669,140240,799,545905
CUST04670,87327,733,407819
CUST04671,290442,795,916090
CUST04672,81893,672,388066
CUST04673,51594,674,322928
CUST04674,93445,684,435658
CUST04675,53515,660,342473
CUST04676,85572,684,470997
CUST04677,81058,741,489439
CUST04678,46201,687,475952
CUST04679,72666,732,334083
CUST04680,94472,685,411357
CUST04681,85302,714,361474
CUST04682,36788,508,102712
CUST04683,65058,742,226727
CUST04684,58699,736,437157
CUST04685,79024,690,449005
CUST04686,28511,521,234864
CUST04687,35840,467,105342
CUST04688,29737,640,219167
CUST04689,39653,468,197669
CUST04690,78501,747,282014
CUST04691,95401,707,379730
CUST04692,69731,713,402800
CUST04693,40172,678,376099
CUST04694,43588,660,274725
CUST04695,54458,686,379740
CUST04696,42846,556,184142
CUST04697,86044,728,371437
CUST04698,62630,719,204189
CUST04699,93751,719,260376
CUST04700,232437,775,1197573
CUST04701,38355,623,213893
CUST04702,150605,828,922218
CUST04703,127891,784,515401
CUST04704,188020,804,1308430
CUST04705,41854,678,253818
CUST04706,46630,657,202316
CUST04707,64292,740,449701
CUST04708,162324,775,857075
CUST04709,60077,737,305363
CUST04710,36052,517,183504
CUST04711,42371,694,315606
CUST04712,91340,656,337493
CUST04713,54880,657,369959
CUST04714,33252,645,138355
CUST04715,67284,709,458063
CUST04716,26902,605,132682
CUST04717,56617,694,402179
CUST04718,63391,679,389735
CUST04719,84859,651,278597
CUST04720,25946,548,236907
CUST04721,41811,517,122596
CUST04722,286877,843,964816
CUST04723,26735,532,177789
CUST04724,74193,730,494278
CUST04725,42964,723,299140
CUST04726,84480,673,347868
CUST04727,71226,654,287024
CUST04728,116416,819,1015255
CUST04729,43667,690,440761
CUST04730,50847,676,269815
CUST04731,92823,728,280553
CUST04732,25105,566,182021
CUST04733,79962,695,427486
CUST04734,54766,656,225572
CUST04735,66881,693,489292
CUST04736,56755,663,392648
CUST04737,47020,733,272807
CUST04738,60692,697,279345
CUST04739,98687,651,375872
CUST04740,270113,758,1339219
CUST04741,76332,695,405018
CUST04742,97942,689,485065
CUST04743,67712,692,401284
CUST04744,29630,619,157023
CUST04745,42343,652,483709
CUST04746,84511,678,251579
CUST04747,44187,670,423861
CUST04748,67308,652,276958
CUST04749,40263,495,196829
CUST04750,38092,636,147889
CUST04751,88523,705,438101
CUST04752,139129,807,644198
CUST04753,97760,708,202850
CUST04754,40665,550,112856
CUST04755,78107,669,322641
CUST04756,34291,616,149705
CUST04757,53957,656,206527
CUST04758,75009,669,447723
CUST04759,89421,742,365342
CUST04760,283129,785,701310
CUST04761,26407,583,127292
CUST04762,80296,744,261966
CUST04763,78975,718,368245
CUST04764,141952,848,669117
CUST04765,138926,809,1242154
CUST04766,57937,746,466952
CUST04767,84129,748,471185
CUST04768,137991,771,827018
CUST04769,181856,751,996005
CUST04770,86185,687,283022
CUST04771,203155,811,556194
CUST04772,67989,666,473199
CUST04773,57691,723,410547
CUST04774,55531,697,443339
CUST04775,76843,723,291986
CUST04776,64651,653,287386
CUST04777,205758,759,694992
CUST04778,189049,827,803476
CUST04779,90694,714,365660
CUST04780,43601,739,387796
CUST04781,120176,835,537413
CUST04782,92170,650,390305
CUST04783,58322,663,271370
CUST04784,30274,534,194894
CUST04785,30287,537,116985
CUST04786,71953,689,247207
CUST04787,56957,654,316772
CUST04788,87351,686,216138
CUST04789,95599,742,365622
CUST04790,36761,566,143811
CUST04791,232158,814,607813
CUST04792,48835,671,498638
CUST04793,53768,654,404096
CUST04794,42519,744,238004
CUST04795,28907,633,210282
CUST04796,90806,681,475707
CUST04797,64473,663,317263
CUST04798,54139,710,334575
CUST04799,55145,672,293359
CUST04800,30183,457,236554
CUST04801,194496,788,619193
CUST04802,49213,749,265275
CUST04803,58199,670,325808
CUST04804,255296,759,938889
CUST04805,58558,656,483100
CUST04806,72675,664,471633
CUST04807,60109,674,443752
CUST04808,216261,844,668346
CUST04809,77831,662,312363
CUST04810,95085,698,223252
CUST04811,37676,471,237832
CUST04812,48623,706,491653
CUST04813,92752,742,228860
CUST04814,93663,697,386472
CUST04815,207189,834,587461
CUST04816,218888,825,749407
CUST04817,169856,847,886328
CUST04818,86924,717,204891
CUST04819,106120,769,1134948
CUST04820,49395,697,204609
CUST04821,92831,650,402633
CUST04822,48050,740,304940
CUST04823,76864,652,205483
CUST04824,81556,666,458138
CUST04825,73110,659,382912
CUST04826,69917,684,486625
CUST04827,59198,656,322841
CUST04828,37127,562,107137
CUST04829,58981,672,258673
CUST04830,61573,724,452111
CUST04831,29630,620,106765
CUST04832,62528,725,316885
CUST04833,83271,685,477727
CUST04834,50215,686,446674
CUST04835,69319,684,459058
CUST04836,84169,704,411159
CUST04837,283434,764,1388027
CUST04838,87662,737,367584
CUST04839,209898,810,1343923
CUST04840,35730,591,235576
CUST04841,159928,798,612035
CUST04842,31277,487,246222
CUST04843,67678,713,391259
CUST04844,86568,673,268308
CUST04845,163792,842,1446161
CUST04846,55258,723,421161
CUST04847,50142,687,268205
CUST04848,106592,822,1380105
CUST04849,51439,734,406908
CUST04850,54452,748,477179
CUST04851,258466,809,1405352
CUST04852,164815,810,1339922
CUST04853,30942,534,248426
CUST04854,85416,705,340043
CUST04855,83113,747,405962
CUST04856,69821,715,474337
CUST04857,86440,665,362878
CUST04858,201312,750,619713
CUST04859,116371,772,1358290
CUST04860,85305,660,241602
CUST04861,31521,578,220726
CUST04862,147362,760,644212
CUST04863,70993,716,450367
CUST04864,39053,589,136857
CUST04865,68755,748,433685
CUST04866,93215,669,365881
CUST04867,69793,674,304987
CUST04868,60857,748,337699
CUST04869,64638,741,320398
CUST04870,67444,655,285215
CUST04871,67219,739,335892
CUST04872,49087,717,361239
CUST04873,159646,754,1057123
CUST04874,58568,668,446231
CUST04875,79516,720,428576
CUST04876,39506,608,116487
CUST04877,49248,650,309284
CUST04878,118572,823,773491
CUST04879,140455,809,1277406
CUST04880,283413,823,1362690
CUST04881,62438,730,457183
CUST04882,94134,749,342880
CUST04883,276865,801,1108482
CUST04884,66797,716,393908
CUST04885,87406,657,286007
CUST04886,80955,716,241810
CUST04887,74449,675,250614
CUST04888,204136,756,1022148
CUST04889,35107,527,148519
CUST04890,73182,676,310103
CUST04891,171114,791,1199524
CUST04892,34781,639,196534
CUST04893,82119,733,495618
CUST04894,98396,706,275039
CUST04895,69107,707,352694
CUST04896,69673,653,316100
CUST04897,71468,748,449475
CUST04898,63018,712,414977
CUST04899,131104,761,671214
CUST04900,180273,803,941568
CUST04901,44135,634,106888
CUST04902,71532,691,446259
CUST04903,90022,684,455888
CUST04904,284565,782,1383023
CUST04905,92378,674,380643
CUST04906,252116,756,1098774
CUST04907,47006,724,357584
CUST04908,31272,544,184486
CUST04909,88503,702,250093
CUST04910,47848,712,436535
CUST04911,41014,693,468198
CUST04912,67621,747,372823
CUST04913,93156,703,296576
CUST04914,60439,730,461806
CUST04915,96068,658,260305
CUST04916,81076,693,476700
CUST04917,50833,653,210069
CUST04918,72887,738,349714
CUST04919,69366,722,462688
CUST04920,43209,722,319265
CUST04921,153145,785,774939
CUST04922,30432,647,231847
CUST04923,38865,540,206700
CUST04924,85702,705,368459
CUST04925,50153,741,482779
CUST04926,273637,770,745205
CUST04927,42555,729,381966
CUST04928,66644,718,355490
CUST04929,92080,708,455077
CUST04930,63778,685,301438
CUST04931,97278,704,455839
CUST04932,39905,505,128560
CUST04933,90741,667,283756
CUST04934,67715,719,484152
CUST04935,251177,828,953845
CUST04936,26943,451,139606
CUST04937,62753,722,293564
CUST04938,87216,684,231434
CUST04939,43165,567,152502
CUST04940,258514,850,705690
CUST04941,92488,658,253919
CUST04942,41502,583,248867
CUST04943,96082,730,323785
CUST04944,37396,624,141200
CUST04945,55421,701,210231
CUST04946,44940,684,224334
CUST04947,96403,728,218029
CUST04948,84050,690,302030
CUST04949,42660,725,399607
CUST04950,29136,577,227245
CUST04951,79211,733,466141
CUST04952,25067,487,115441
CUST04953,194566,842,898521
CUST04954,61425,699,300009
CUST04955,30136,459,208515
CUST04956,41615,590,126447
CUST04957,82402,685,389561
CUST04958,83547,676,315730
CUST04959,63725,650,217131
CUST04960,282504,774,1207533
CUST04961,77939,731,234227
CUST04962,88146,652,402727
CUST04963,30013,504,140371
CUST04964,263711,820,1284065
CUST04965,73155,678,376246
CUST04966,160982,812,568677
CUST04967,36140,450,178944
CUST04968,83279,725,330562
CUST04969,62973,687,362605
CUST04970,92310,677,376795
CUST04971,60478,670,372105
CUST04972,77281,669,429134
CUST04973,185262,764,713874
CUST04974,175884,848,806877
CUST04975,107344,818,1084888
CUST04976,39960,455,201250
CUST04977,65119,738,407548
CUST04978,90299,711,465620
CUST04979,68206,725,254595
CUST04980,199831,832,1445148
CUST04981,67652,735,469320
CUST04982,43937,708,292194
CUST04983,72504,703,232318
CUST04984,72740,745,310642
CUST04985,41151,727,490430
CUST04986,48950,684,467193
CUST04987,49097,656,454507
CUST04988,29939,563,111744
CUST04989,61202,655,226822
CUST04990,51633,709,425482
CUST04991,90580,688,223027
CUST04992,55838,749,323591
CUST04993,28887,649,124702
CUST04994,108407,816,1222215
CUST04995,58141,687,404516
CUST04996,70908,719,227035
CUST04997,57514,686,431790
CUST04998,87416,652,321660
CUST04999,46867,714,478901
CUST05000,79544,689,243005
